/**********************/
/* **** CLEAN UP **** */
/**********************/
drop role if exists role_customer;
drop role if exists role_dba;
drop role if exists role_developer;
drop role if exists role_develop_lead;
drop role if exists role_executive;
drop role if exists role_isse;
drop role if exists role_isso;
drop role if exists role_owner;
drop role if exists role_project_manager;
drop role if exists role_security_manager;
drop role if exists role_tester;
drop role if exists role_user;
drop role if exists sf_schema_users;

drop schema if exists sf_schema cascade;

/**************************************/
/* ******** The Build Out *********** */
/**************************************/
CREATE SCHEMA sf_schema;

/*************************/
/* *** Roles *************/
/*************************/
CREATE ROLE sf_schema_users WITH
  NOLOGIN
  NOSUPERUSER
  INHERIT
  NOCREATEDB
  NOCREATEROLE
  NOREPLICATION;
GRANT pg_execute_server_program TO sf_schema_users;
GRANT USAGE ON SCHEMA sf_schema TO sf_schema_users;

create role role_user;
grant sf_schema_users to role_user;

create role role_customer;
grant sf_schema_users to role_customer;

create role role_dba superuser createdb replication createrole inherit bypassrls;
grant sf_schema_users to role_dba;

create role role_executive;
grant sf_schema_users to role_executive;

create role role_owner;
grant sf_schema_users to role_owner;

create role role_project_manager;
grant sf_schema_users to role_project_manager;
create role role_security_manager;
grant sf_schema_users to role_security_manager;

create role role_tester;
grant sf_schema_users to role_tester;

create role role_developer createdb replication createrole inherit bypassrls;
grant sf_schema_users to role_developer;

create role role_develop_lead superuser createdb replication createrole inherit bypassrls;
grant sf_schema_users to role_develop_lead;

create role role_isso;
grant sf_schema_users to role_isso;

create role role_isse;
grant sf_schema_users to role_isse;

/* backend user’s */
/*
create user current_user password 'current_user';
grant postgres, role_dba to current_user;
*/
/* OR */
/*
create user postgres password 'postgres';
grant current_user, role_dba to postgres;
*/
grant role_dba to current_user;

/* ************************************************
\du – shows all the roles and their attributes
The grant associates a user with specific roles
Steps to creating a user and assigning role(s) 
* create user developer password 'developer';
* grant role role_developer to developer;
* NOTES
o revoke <role> from <user>;
o grant role <role1>, <role2> to <user>;
o All roles should start with role_<xxxx>
o Postgres treats all users as a role
o All users should be allowed privileges by associating them with roles and NOT directly assigned to the user
************************************************* */

SET check_function_bodies = false;
-- ddl-end --

ALTER SCHEMA sf_schema OWNER TO current_user;
-- ddl-end --

-- object: sf_ex_schema | type: SCHEMA --
DROP SCHEMA IF EXISTS sf_ex_schema CASCADE;
CREATE SCHEMA sf_ex_schema;
-- ddl-end --
ALTER SCHEMA sf_ex_schema OWNER TO current_user;
-- ddl-end --

/***************************/
/* **** CREATE TABLES **** */
/***************************/
-- object: sf_schema.program | type: TABLE --
-- DROP TABLE IF EXISTS sf_schema.program CASCADE;
CREATE TABLE sf_schema.program (
	id bigint NOT NULL GENERATED BY DEFAULT AS IDENTITY,
	name text NOT NULL,
	budget numeric(10,2) NOT NULL,
	date_start timestamp,
	date_end timestamp,
	comment text,
	is_deleted boolean DEFAULT false,
	CONSTRAINT pk_program PRIMARY KEY (id)

);
-- ddl-end --
ALTER TABLE sf_schema.program OWNER TO current_user;
-- ddl-end --

-- -- object: sf_schema.program_id_seq | type: SEQUENCE --
-- object: sf_schema.project | type: TABLE --
-- DROP TABLE IF EXISTS sf_schema.project CASCADE;
CREATE TABLE sf_schema.project (
	id bigint NOT NULL GENERATED BY DEFAULT AS IDENTITY,
	name text NOT NULL,
	program_id bigint NOT NULL,
	date_start timestamp,
	date_end timestamp,
	total_cost numeric(10,2),
	comment text,
	is_deleted boolean DEFAULT false,
	CONSTRAINT pk_project PRIMARY KEY (id)

);
-- ddl-end --
ALTER TABLE sf_schema.project OWNER TO current_user;
-- ddl-end --

-- DROP TABLE IF EXISTS sf_schema.release CASCADE;
CREATE TABLE sf_schema.release (
	id bigint NOT NULL GENERATED BY DEFAULT AS IDENTITY,
	name text NOT NULL,
	date timestamp NOT NULL,
	program_id bigint NOT NULL,
	is_deleted boolean DEFAULT false,
	CONSTRAINT pk_release PRIMARY KEY (id)

);
-- ddl-end --
ALTER TABLE sf_schema.release OWNER TO current_user;
-- ddl-end --

-- object: sf_schema.list_region | type: TABLE --
-- DROP TABLE IF EXISTS sf_schema.list_region CASCADE;
CREATE TABLE sf_schema.list_region (
	id bigint NOT NULL GENERATED BY DEFAULT AS IDENTITY,
	name character varying(35),
	is_deleted boolean DEFAULT false,
	CONSTRAINT pk_list_region PRIMARY KEY (id)

);
-- ddl-end --
ALTER TABLE sf_schema.list_region OWNER TO current_user;
-- ddl-end --

-- object: sf_schema.list_tool | type: TABLE --
-- DROP TABLE IF EXISTS sf_schema.list_tool CASCADE;
CREATE TABLE sf_schema.list_tool (
	id bigint NOT NULL GENERATED BY DEFAULT AS IDENTITY,
	name text NOT NULL,
	location text,
	cost numeric(10,2),
	comment text,
	is_deleted boolean DEFAULT false,
	CONSTRAINT pk_list_tool PRIMARY KEY (id)

);
-- ddl-end --
ALTER TABLE sf_schema.list_tool OWNER TO current_user;
-- ddl-end --

-- object: sf_schema.dependency | type: TABLE --
-- DROP TABLE IF EXISTS sf_schema.dependency CASCADE;
CREATE TABLE sf_schema.dependency (
	id bigint NOT NULL GENERATED BY DEFAULT AS IDENTITY,
	name text NOT NULL,
	type bigint,
	cost numeric(10,2),
	date_start timestamp,
	comment text,
	is_deleted boolean DEFAULT false,
	CONSTRAINT pk_dependency PRIMARY KEY (id)

);
-- ddl-end --
ALTER TABLE sf_schema.dependency OWNER TO current_user;
-- ddl-end --

-- object: sf_schema.process | type: TABLE --
-- DROP TABLE IF EXISTS sf_schema.process CASCADE;
CREATE TABLE sf_schema.process (
	id bigint NOT NULL GENERATED BY DEFAULT AS IDENTITY,
	project_id bigint NOT NULL,
	name text,
	date_start timestamp,
	date_end timestamp,
	comment text,
	is_deleted boolean DEFAULT false,
	CONSTRAINT pk_process PRIMARY KEY (id)

);
-- ddl-end --
ALTER TABLE sf_schema.process OWNER TO current_user;
-- ddl-end --

-- object: sf_schema.list_role | type: TABLE --
-- DROP TABLE IF EXISTS sf_schema.list_role CASCADE;
CREATE TABLE sf_schema.list_role (
	id bigint NOT NULL GENERATED BY DEFAULT AS IDENTITY,
	name text,
	is_deleted boolean DEFAULT false,
	CONSTRAINT pk_list_role PRIMARY KEY (id)

);
-- ddl-end --
ALTER TABLE sf_schema.list_role OWNER TO current_user;
-- ddl-end --

-- object: sf_schema.list_skill | type: TABLE --
-- DROP TABLE IF EXISTS sf_schema.list_skill CASCADE;
CREATE TABLE sf_schema.list_skill (
	id bigint NOT NULL GENERATED BY DEFAULT AS IDENTITY,
	name text NOT NULL,
	comment text,
	is_deleted boolean DEFAULT false,
	CONSTRAINT pk_list_skill PRIMARY KEY (id)

);
-- ddl-end --
ALTER TABLE sf_schema.list_skill OWNER TO current_user;
-- ddl-end --

-- object: sf_schema.team | type: TABLE --
-- DROP TABLE IF EXISTS sf_schema.team CASCADE;
CREATE TABLE sf_schema.team (
	id bigint NOT NULL GENERATED BY DEFAULT AS IDENTITY,
	name character varying(100),
	comment text,
	is_deleted boolean DEFAULT false,
	CONSTRAINT pk_team PRIMARY KEY (id)

);
-- ddl-end --
ALTER TABLE sf_schema.team OWNER TO current_user;
-- ddl-end --

-- object: sf_schema.contact | type: TABLE --
-- DROP TABLE IF EXISTS sf_schema.contact CASCADE;
CREATE TABLE sf_schema.contact (
	id bigint NOT NULL GENERATED BY DEFAULT AS IDENTITY,
	address_ln1 text,
	address_ln2 text,
	city text,
	region_id bigint,
	phone character varying(30),
	email character varying(100),
	preferred_contact character varying(20),
	postal_code character varying(30),
	comment text,
	is_deleted boolean DEFAULT false,
	CONSTRAINT pk_contact PRIMARY KEY (id)

);
-- ddl-end --
ALTER TABLE sf_schema.contact OWNER TO current_user;
-- ddl-end --

-- object: sf_schema.customer | type: TABLE --
-- DROP TABLE IF EXISTS sf_schema.customer CASCADE;
CREATE TABLE sf_schema.customer (
	id bigint NOT NULL GENERATED BY DEFAULT AS IDENTITY,
	name text NOT NULL,
	contact_id bigint,
	comment text,
	is_deleted boolean DEFAULT false,
	CONSTRAINT pk_customer PRIMARY KEY (id)

);
-- ddl-end --
ALTER TABLE sf_schema.customer OWNER TO current_user;
-- ddl-end --

-- object: sf_schema.person | type: TABLE --
-- DROP TABLE IF EXISTS sf_schema.person CASCADE;
CREATE TABLE sf_schema.person (
	id bigint NOT NULL GENERATED BY DEFAULT AS IDENTITY,
	f_name text,
	m_name text,
	l_name text,
	primary_skill_id bigint,
	comment text,
	contact_id bigint,
	cost numeric(10,2),
	is_deleted boolean DEFAULT false,
	CONSTRAINT pk_person PRIMARY KEY (id)

);
-- ddl-end --
ALTER TABLE sf_schema.person OWNER TO current_user;
-- ddl-end --

-- object: sf_schema.xref_person_role | type: TABLE --
-- DROP TABLE IF EXISTS sf_schema.xref_person_role CASCADE;
CREATE TABLE sf_schema.xref_person_role (
	person_id bigint NOT NULL,
	list_role_id bigint NOT NULL,
	date_created timestamp,
	comment text,
	is_primary_role boolean,
	is_deleted boolean DEFAULT false,
	CONSTRAINT pk_xref_person_role PRIMARY KEY (person_id,list_role_id)

);
-- ddl-end --
ALTER TABLE sf_schema.xref_person_role OWNER TO current_user;
-- ddl-end --

-- object: sf_schema.xref_person_skill | type: TABLE --
-- DROP TABLE IF EXISTS sf_schema.xref_person_skill CASCADE;
CREATE TABLE sf_schema.xref_person_skill (
	person_id bigint NOT NULL,
	list_skill_id bigint NOT NULL,
	date_acquired timestamp,
	comment text,
	skill_level character varying(50),
	years_experience character varying(10),
	awards character varying(255),
	is_deleted boolean DEFAULT false,
	CONSTRAINT pk_xref_person_skill PRIMARY KEY (person_id,list_skill_id)

);
-- ddl-end --
ALTER TABLE sf_schema.xref_person_skill OWNER TO current_user;
-- ddl-end --

-- object: sf_schema.xref_program_customer | type: TABLE --
-- DROP TABLE IF EXISTS sf_schema.xref_program_customer CASCADE;
CREATE TABLE sf_schema.xref_program_customer (
	program_id bigint NOT NULL,
	customer_id bigint NOT NULL,
	funding_line numeric(10,2),
	is_deleted boolean DEFAULT false,
	CONSTRAINT pk_xref_program_customer PRIMARY KEY (program_id,customer_id)

);
-- ddl-end --
ALTER TABLE sf_schema.xref_program_customer OWNER TO current_user;
-- ddl-end --

-- object: sf_schema.xref_release_project | type: TABLE --
-- DROP TABLE IF EXISTS sf_schema.xref_release_project CASCADE;
CREATE TABLE sf_schema.xref_release_project (
	project_id bigint NOT NULL,
	release_id bigint NOT NULL,
	comment text,
	is_deleted boolean DEFAULT false,
	CONSTRAINT pk_xref_release_project PRIMARY KEY (project_id,release_id)

);
-- ddl-end --
ALTER TABLE sf_schema.xref_release_project OWNER TO current_user;
-- ddl-end --

-- object: sf_schema.xref_project_person_role | type: TABLE --
-- DROP TABLE IF EXISTS sf_schema.xref_project_person_role CASCADE;
CREATE TABLE sf_schema.xref_project_person_role (
	person_id bigint NOT NULL,
	list_role_id bigint NOT NULL,
	date_created timestamp,
	date_start timestamp,
	date_end timestamp,
	is_active boolean,
	percent_usage numeric(6,2),
	is_deleted boolean DEFAULT false,
	project_id bigint
);
-- ddl-end --
ALTER TABLE sf_schema.xref_project_person_role OWNER TO current_user;
-- ddl-end --

-- object: sf_schema.xref_tool_project | type: TABLE --
-- DROP TABLE IF EXISTS sf_schema.xref_tool_project CASCADE;
CREATE TABLE sf_schema.xref_tool_project (
	project_id bigint NOT NULL,
	list_tool_id bigint NOT NULL,
	date_associated timestamp,
	is_deleted boolean DEFAULT false,
	CONSTRAINT pk_xref_tool_project PRIMARY KEY (project_id,list_tool_id)

);
-- ddl-end --
ALTER TABLE sf_schema.xref_tool_project OWNER TO current_user;
-- ddl-end --

-- object: sf_schema.xref_customer_person | type: TABLE --
-- DROP TABLE IF EXISTS sf_schema.xref_customer_person CASCADE;
CREATE TABLE sf_schema.xref_customer_person (
	customer_id bigint NOT NULL,
	person_id bigint NOT NULL,
	comment text,
	is_deleted boolean DEFAULT false,
	CONSTRAINT pk_xref_customer_person PRIMARY KEY (customer_id,person_id)

);
-- ddl-end --
ALTER TABLE sf_schema.xref_customer_person OWNER TO current_user;
-- ddl-end --

-- object: sf_schema.xref_dependency_project | type: TABLE --
-- DROP TABLE IF EXISTS sf_schema.xref_dependency_project CASCADE;
CREATE TABLE sf_schema.xref_dependency_project (
	dependency_id bigint NOT NULL,
	project_id bigint NOT NULL,
	comment text,
	is_deleted boolean DEFAULT false,
	CONSTRAINT pk_dependency_project PRIMARY KEY (dependency_id,project_id)

);
-- ddl-end --
ALTER TABLE sf_schema.xref_dependency_project OWNER TO current_user;
-- ddl-end --

-- object: sf_schema.hist_program | type: TABLE --
-- DROP TABLE IF EXISTS sf_schema.hist_program CASCADE;
CREATE TABLE sf_schema.hist_program (
	hist_id bigint NOT NULL GENERATED BY DEFAULT AS IDENTITY,
	id bigint,
	name text,
	budget numeric(10,2),
	date_start timestamp,
	date_end timestamp,
	comment text,
	action_date timestamp,
	action_user character varying(30),
	action_taken character varying(20),
	is_deleted boolean DEFAULT false,
	CONSTRAINT pk_hist_program PRIMARY KEY (hist_id)

);
-- ddl-end --
ALTER TABLE sf_schema.hist_program OWNER TO current_user;
-- ddl-end --

-- object: sf_schema.hist_project | type: TABLE --
-- DROP TABLE IF EXISTS sf_schema.hist_project CASCADE;
CREATE TABLE sf_schema.hist_project (
	hist_id bigint NOT NULL GENERATED BY DEFAULT AS IDENTITY,
	id bigint,
	name text,
	program_id bigint,
	date_start timestamp,
	date_end timestamp,
	total_cost numeric(10,2),
	comment text,
	action_date timestamp,
	action_user character varying(30),
	action_taken character varying(20),
	is_deleted boolean DEFAULT false,
	CONSTRAINT pk_hist_project PRIMARY KEY (hist_id)

);
-- ddl-end --
ALTER TABLE sf_schema.hist_project OWNER TO current_user;
-- ddl-end --

-- object: sf_schema.hist_release | type: TABLE --
-- DROP TABLE IF EXISTS sf_schema.hist_release CASCADE;
CREATE TABLE sf_schema.hist_release (
	hist_id bigint NOT NULL GENERATED BY DEFAULT AS IDENTITY,
	id bigint,
	name text,
	date timestamp,
	program_id bigint,
	action_date timestamp,
	action_user character varying(30),
	action_taken character varying(20),
	is_deleted boolean DEFAULT false,
	CONSTRAINT pk_hist_release PRIMARY KEY (hist_id)

);
-- ddl-end --
ALTER TABLE sf_schema.hist_release OWNER TO current_user;
-- ddl-end --

-- object: sf_schema.hist_list_region | type: TABLE --
-- DROP TABLE IF EXISTS sf_schema.hist_list_region CASCADE;
CREATE TABLE sf_schema.hist_list_region (
	hist_id bigint NOT NULL GENERATED BY DEFAULT AS IDENTITY,
	id bigint,
	name character varying(35),
	action_date timestamp,
	action_user character varying(30),
	action_taken character varying(20),
	is_deleted boolean DEFAULT false,
	CONSTRAINT pk_hist_list_region PRIMARY KEY (hist_id)

);
-- ddl-end --
ALTER TABLE sf_schema.hist_list_region OWNER TO current_user;
-- ddl-end --

-- object: sf_schema.hist_list_tool | type: TABLE --
-- DROP TABLE IF EXISTS sf_schema.hist_list_tool CASCADE;
CREATE TABLE sf_schema.hist_list_tool (
	hist_id bigint NOT NULL GENERATED BY DEFAULT AS IDENTITY,
	id bigint,
	name text,
	location text,
	cost numeric(10,2),
	comment text,
	action_date timestamp,
	action_user character varying(30),
	action_taken character varying(20),
	is_deleted boolean DEFAULT false,
	CONSTRAINT pk_hist_list_tool PRIMARY KEY (hist_id)

);
-- ddl-end --
ALTER TABLE sf_schema.hist_list_tool OWNER TO current_user;
-- ddl-end --

-- object: sf_schema.hist_dependency | type: TABLE --
-- DROP TABLE IF EXISTS sf_schema.hist_dependency CASCADE;
CREATE TABLE sf_schema.hist_dependency (
	hist_id bigint NOT NULL GENERATED BY DEFAULT AS IDENTITY,
	id bigint,
	name text,
	type bigint,
	cost numeric(10,2),
	project_id bigint,
	date_start timestamp,
	comment text,
	action_date timestamp,
	action_user character varying(30),
	action_taken character varying(20),
	is_deleted boolean DEFAULT false,
	CONSTRAINT pk_hist_dependency PRIMARY KEY (hist_id)

);
-- ddl-end --
ALTER TABLE sf_schema.hist_dependency OWNER TO current_user;
-- ddl-end --

-- object: sf_schema.hist_process | type: TABLE --
-- DROP TABLE IF EXISTS sf_schema.hist_process CASCADE;
CREATE TABLE sf_schema.hist_process (
	hist_id bigint NOT NULL GENERATED BY DEFAULT AS IDENTITY,
	id bigint,
	name text,
	date_start timestamp,
	date_end timestamp,
	comment text,
	action_date timestamp,
	action_user character varying(30),
	action_taken character varying(20),
	project_id bigint,
	is_deleted boolean DEFAULT false,
	CONSTRAINT pk_hist_process PRIMARY KEY (hist_id)

);
-- ddl-end --
ALTER TABLE sf_schema.hist_process OWNER TO current_user;
-- ddl-end --

-- object: sf_schema.hist_list_role | type: TABLE --
-- DROP TABLE IF EXISTS sf_schema.hist_list_role CASCADE;
CREATE TABLE sf_schema.hist_list_role (
	hist_id bigint NOT NULL GENERATED BY DEFAULT AS IDENTITY,
	id bigint,
	name text,
	action_date timestamp,
	action_user character varying(30),
	action_taken character varying(20),
	is_deleted boolean DEFAULT false,
	CONSTRAINT pk_hist_list_role PRIMARY KEY (hist_id)

);
-- ddl-end --
ALTER TABLE sf_schema.hist_list_role OWNER TO current_user;
-- ddl-end --

-- object: sf_schema.hist_list_skill | type: TABLE --
-- DROP TABLE IF EXISTS sf_schema.hist_list_skill CASCADE;
CREATE TABLE sf_schema.hist_list_skill (
	hist_id bigint NOT NULL GENERATED BY DEFAULT AS IDENTITY,
	id bigint,
	name text,
	action_date timestamp,
	action_user character varying(30),
	action_taken character varying(20),
	comment text,
	is_deleted boolean DEFAULT false,
	CONSTRAINT pk_hist_list_skill PRIMARY KEY (hist_id)

);
-- ddl-end --
ALTER TABLE sf_schema.hist_list_skill OWNER TO current_user;
-- ddl-end --

-- object: sf_schema.hist_team | type: TABLE --
-- DROP TABLE IF EXISTS sf_schema.hist_team CASCADE;
CREATE TABLE sf_schema.hist_team (
	hist_id bigint NOT NULL GENERATED BY DEFAULT AS IDENTITY,
	id bigint,
	name character varying(100),
	comment text,
	action_date timestamp,
	action_user character varying(30),
	action_taken character varying(20),
	is_deleted boolean DEFAULT false,
	CONSTRAINT pk_hist_team PRIMARY KEY (hist_id)

);
-- ddl-end --
ALTER TABLE sf_schema.hist_team OWNER TO current_user;
-- ddl-end --

-- object: sf_schema.hist_contact | type: TABLE --
-- DROP TABLE IF EXISTS sf_schema.hist_contact CASCADE;
CREATE TABLE sf_schema.hist_contact (
	hist_id bigint NOT NULL GENERATED BY DEFAULT AS IDENTITY,
	id bigint,
	address_ln1 text,
	address_ln2 text,
	city text,
	region_id bigint,
	phone character varying(30),
	email character varying(100),
	preferred_contact character varying(20),
	postal_code character varying(30),
	comment text,
	action_date timestamp,
	action_user character varying(30),
	action_taken character varying(20),
	is_deleted boolean DEFAULT false,
	CONSTRAINT pk_hist_contact PRIMARY KEY (hist_id)

);
-- ddl-end --
ALTER TABLE sf_schema.hist_contact OWNER TO current_user;
-- ddl-end --

-- object: sf_schema.hist_customer | type: TABLE --
-- DROP TABLE IF EXISTS sf_schema.hist_customer CASCADE;
CREATE TABLE sf_schema.hist_customer (
	hist_id bigint NOT NULL GENERATED BY DEFAULT AS IDENTITY,
	id bigint,
	name text,
	contact_id bigint,
	comment text,
	action_date timestamp,
	action_user character varying(30),
	action_taken character varying(20),
	is_deleted boolean DEFAULT false,
	CONSTRAINT pk_hist_customer PRIMARY KEY (hist_id)

);
-- ddl-end --
ALTER TABLE sf_schema.hist_customer OWNER TO current_user;
-- ddl-end --

-- object: sf_schema.hist_person | type: TABLE --
-- DROP TABLE IF EXISTS sf_schema.hist_person CASCADE;
CREATE TABLE sf_schema.hist_person (
	hist_id bigint NOT NULL GENERATED BY DEFAULT AS IDENTITY,
	id bigint,
	f_name text,
	m_name text,
	l_name text,
	primary_skill_id bigint,
	comment text,
	contact_id bigint,
	cost numeric(10,2),
	action_date timestamp,
	action_user character varying(30),
	action_taken character varying(20),
	is_deleted boolean DEFAULT false,
	CONSTRAINT pk_hist_person PRIMARY KEY (hist_id)

);
-- ddl-end --
ALTER TABLE sf_schema.hist_person OWNER TO current_user;
-- ddl-end --

-- object: sf_schema.hist_xref_person_role | type: TABLE --
-- DROP TABLE IF EXISTS sf_schema.hist_xref_person_role CASCADE;
CREATE TABLE sf_schema.hist_xref_person_role (
	hist_id bigint NOT NULL GENERATED BY DEFAULT AS IDENTITY,
	person_id bigint,
	list_role_id bigint,
	date_created timestamp,
	comment text,
	action_date timestamp,
	action_user character varying(30),
	action_taken character varying(20),
	is_deleted boolean DEFAULT false,
	is_primary_role boolean,
	CONSTRAINT pk_hist_xref_person_role PRIMARY KEY (hist_id)

);
-- ddl-end --
ALTER TABLE sf_schema.hist_xref_person_role OWNER TO current_user;
-- ddl-end --

-- object: sf_schema.hist_xref_person_skill | type: TABLE --
-- DROP TABLE IF EXISTS sf_schema.hist_xref_person_skill CASCADE;
CREATE TABLE sf_schema.hist_xref_person_skill (
	hist_id bigint NOT NULL GENERATED BY DEFAULT AS IDENTITY,
	person_id bigint,
	list_skill_id bigint,
	date_acquired timestamp,
	comment text,
	action_date timestamp,
	action_user character varying(30),
	action_taken character varying(20),
	skill_level character varying(50),
	years_experience character varying(10),
	awards character varying(255),
	is_deleted boolean DEFAULT false,
	CONSTRAINT pk_hist_xref_person_skill PRIMARY KEY (hist_id)

);
-- ddl-end --
ALTER TABLE sf_schema.hist_xref_person_skill OWNER TO current_user;
-- ddl-end --

-- object: sf_schema.hist_xref_program_customer | type: TABLE --
-- DROP TABLE IF EXISTS sf_schema.hist_xref_program_customer CASCADE;
CREATE TABLE sf_schema.hist_xref_program_customer (
	hist_id bigint NOT NULL GENERATED BY DEFAULT AS IDENTITY,
	program_id bigint,
	customer_id bigint,
	funding_line numeric(10,2),
	action_date timestamp,
	action_user character varying(30),
	action_taken character varying(20),
	is_deleted boolean DEFAULT false,
	CONSTRAINT pk_hist_xref_program_customer PRIMARY KEY (hist_id)

);
-- ddl-end --
ALTER TABLE sf_schema.hist_xref_program_customer OWNER TO current_user;
-- ddl-end --

-- object: sf_schema.hist_xref_release_project | type: TABLE --
-- DROP TABLE IF EXISTS sf_schema.hist_xref_release_project CASCADE;
CREATE TABLE sf_schema.hist_xref_release_project (
	hist_id bigint NOT NULL GENERATED BY DEFAULT AS IDENTITY,
	project_id bigint,
	release_id bigint,
	comment text,
	action_date timestamp,
	action_user character varying(30),
	action_taken character varying(20),
	is_deleted boolean DEFAULT false,
	CONSTRAINT pk_hist_xref_release_project PRIMARY KEY (hist_id)

);
-- ddl-end --
ALTER TABLE sf_schema.hist_xref_release_project OWNER TO current_user;
-- ddl-end --

-- object: sf_schema.hist_xref_project_person_role | type: TABLE --
-- DROP TABLE IF EXISTS sf_schema.hist_xref_project_person_role CASCADE;
CREATE TABLE sf_schema.hist_xref_project_person_role (
	hist_id bigint NOT NULL GENERATED BY DEFAULT AS IDENTITY,
	person_id bigint,
	list_role_id bigint,
	date_created timestamp,
	date_start timestamp,
	date_end timestamp,
	is_active boolean,
	action_date timestamp,
	action_user character varying(30),
	action_taken character varying(20),
	is_deleted boolean DEFAULT false,
	project_id bigint,
	percent_usage numeric(6,2),
	CONSTRAINT pk_hist_xref_team_person_role PRIMARY KEY (hist_id)

);
-- ddl-end --
ALTER TABLE sf_schema.hist_xref_project_person_role OWNER TO current_user;
-- ddl-end --

-- object: sf_schema.hist_xref_tool_project | type: TABLE --
-- DROP TABLE IF EXISTS sf_schema.hist_xref_tool_project CASCADE;
CREATE TABLE sf_schema.hist_xref_tool_project (
	hist_id bigint NOT NULL GENERATED BY DEFAULT AS IDENTITY,
	project_id bigint,
	list_tool_id bigint,
	date_associated timestamp,
	action_date timestamp,
	action_user character varying(30),
	action_taken character varying(20),
	is_deleted boolean DEFAULT false,
	CONSTRAINT pk_hist_xref_tool_project PRIMARY KEY (hist_id)

);
-- ddl-end --
ALTER TABLE sf_schema.hist_xref_tool_project OWNER TO current_user;
-- ddl-end --

-- object: sf_schema.hist_xref_customer_person | type: TABLE --
-- DROP TABLE IF EXISTS sf_schema.hist_xref_customer_person CASCADE;
CREATE TABLE sf_schema.hist_xref_customer_person (
	hist_id bigint NOT NULL GENERATED BY DEFAULT AS IDENTITY,
	customer_id bigint,
	person_id bigint,
	comment text,
	action_date timestamp,
	action_user character varying(30),
	action_taken character varying(20),
	is_deleted boolean DEFAULT false,
	CONSTRAINT pk_hist_xref_customer_person PRIMARY KEY (hist_id)

);
-- ddl-end --
ALTER TABLE sf_schema.hist_xref_customer_person OWNER TO current_user;
-- ddl-end --

-- object: sf_schema.hist_xref_dependency_project | type: TABLE --
-- DROP TABLE IF EXISTS sf_schema.hist_xref_dependency_project CASCADE;
CREATE TABLE sf_schema.hist_xref_dependency_project (
	hist_id bigint NOT NULL GENERATED BY DEFAULT AS IDENTITY,
	dependency_id bigint,
	project_id bigint,
	comment text,
	action_date timestamp,
	action_user character varying(30),
	action_taken character varying(20),
	is_deleted boolean DEFAULT false,
	CONSTRAINT pk_hist_dependency_project PRIMARY KEY (hist_id)

);
-- ddl-end --
ALTER TABLE sf_schema.hist_xref_dependency_project OWNER TO current_user;
-- ddl-end --

-- object: sf_schema.debug_table | type: TABLE --
-- DROP TABLE IF EXISTS sf_schema.debug_table CASCADE;
CREATE TABLE sf_schema.debug_table (
	id bigint NOT NULL GENERATED BY DEFAULT AS IDENTITY,
	text_data text,
	process text,
	date_time timestamp DEFAULT now(),
	CONSTRAINT debug_table_pkey PRIMARY KEY (id)

);
-- ddl-end --
ALTER TABLE sf_schema.debug_table OWNER TO current_user;
-- ddl-end --

/* *********************************
-- object: public.my_return | type: TABLE --
-- DROP TABLE IF EXISTS public.my_return CASCADE;
CREATE TABLE public.my_return (
	fn_find_user_roles text
);
-- ddl-end --
ALTER TABLE public.my_return OWNER TO current_user;
-- ddl-end --
******************************* */

-- object: sf_ex_schema.pwr_bi_main | type: TABLE --
-- DROP TABLE IF EXISTS sf_ex_schema.pwr_bi_main CASCADE;
CREATE TABLE sf_ex_schema.pwr_bi_main (
	id bigint NOT NULL GENERATED BY DEFAULT AS IDENTITY,
	title text,
	comment text,
	is_deleted boolean DEFAULT false,
	CONSTRAINT pk_pwr_bi_main PRIMARY KEY (id)

);
-- ddl-end --
ALTER TABLE sf_ex_schema.pwr_bi_main OWNER TO current_user;
-- ddl-end --

-- object: sf_ex_schema.hist_pwr_bi_main | type: TABLE --
-- DROP TABLE IF EXISTS sf_ex_schema.hist_pwr_bi_main CASCADE;
CREATE TABLE sf_ex_schema.hist_pwr_bi_main (
	hist_id bigint NOT NULL GENERATED BY DEFAULT AS IDENTITY,
	id bigint,
	title text,
	comment text,
	is_deleted boolean,
	action_date timestamp,
	action_user character varying(30),
	action_taken character varying(20),
	CONSTRAINT pk_hist_xref_pwr_bi_main PRIMARY KEY (hist_id)

);
-- ddl-end --
ALTER TABLE sf_ex_schema.hist_pwr_bi_main OWNER TO current_user;
-- ddl-end --

-- object: sf_schema.xref_pwr_bi_main_program | type: TABLE --
-- DROP TABLE IF EXISTS sf_schema.xref_pwr_bi_main_program CASCADE;
CREATE TABLE sf_schema.xref_pwr_bi_main_program (
	pwr_bi_main_id bigint NOT NULL,
	program_id bigint NOT NULL,
	comment text,
	is_deleted boolean DEFAULT false,
	CONSTRAINT pk_xref_pwr_bi_main_program PRIMARY KEY (pwr_bi_main_id,program_id)

);
-- ddl-end --
ALTER TABLE sf_schema.xref_pwr_bi_main_program OWNER TO current_user;
-- ddl-end --

-- object: sf_schema.hist_xref_pwr_bi_main_program | type: TABLE --
-- DROP TABLE IF EXISTS sf_schema.hist_xref_pwr_bi_main_program CASCADE;
CREATE TABLE sf_schema.hist_xref_pwr_bi_main_program (
	hist_id bigint NOT NULL GENERATED BY DEFAULT AS IDENTITY,
	pwr_bi_main_id bigint,
	program_id bigint,
	comment text,
	is_deleted boolean,
	action_date timestamp,
	action_user character varying(30),
	action_taken character varying(20),
	CONSTRAINT pk_hist_xref_pwr_bi_main_program PRIMARY KEY (hist_id)

);
-- ddl-end --
ALTER TABLE sf_schema.hist_xref_pwr_bi_main_program OWNER TO current_user;
-- ddl-end --

-- object: sf_ex_schema.ms_project_main | type: TABLE --
-- DROP TABLE IF EXISTS sf_ex_schema.ms_project_main CASCADE;
CREATE TABLE sf_ex_schema.ms_project_main (
	id bigint NOT NULL GENERATED BY DEFAULT AS IDENTITY,
	title text,
	comment text,
	is_deleted boolean DEFAULT false,
	CONSTRAINT pk_ms_project_main PRIMARY KEY (id)

);
-- ddl-end --
ALTER TABLE sf_ex_schema.ms_project_main OWNER TO current_user;
-- ddl-end --

-- object: sf_ex_schema.hist_ms_project_main | type: TABLE --
-- DROP TABLE IF EXISTS sf_ex_schema.hist_ms_project_main CASCADE;
CREATE TABLE sf_ex_schema.hist_ms_project_main (
	hist_id bigint NOT NULL GENERATED BY DEFAULT AS IDENTITY,
	id bigint,
	title text,
	comment text,
	is_deleted boolean,
	action_date timestamp,
	action_user character varying(30),
	action_taken character varying(20),
	CONSTRAINT pk_hist_ms_project_main PRIMARY KEY (hist_id)

);
-- ddl-end --
ALTER TABLE sf_ex_schema.hist_ms_project_main OWNER TO current_user;
-- ddl-end --

-- object: sf_schema.hist_xref_ms_project_main_project | type: TABLE --
-- DROP TABLE IF EXISTS sf_schema.hist_xref_ms_project_main_project CASCADE;
CREATE TABLE sf_schema.hist_xref_ms_project_main_project (
	hist_id bigint NOT NULL GENERATED BY DEFAULT AS IDENTITY,
	ms_project_id bigint,
	project_id bigint,
	comment text,
	is_deleted boolean,
	action_date timestamp,
	action_user character varying(30),
	action_taken character varying(20),
	CONSTRAINT pk_hist_ms_project_main PRIMARY KEY (hist_id)

);
-- ddl-end --
ALTER TABLE sf_schema.hist_xref_ms_project_main_project OWNER TO current_user;
-- ddl-end --

-- object: sf_schema.xref_ms_project_main_project | type: TABLE --
-- DROP TABLE IF EXISTS sf_schema.xref_ms_project_main_project CASCADE;
CREATE TABLE sf_schema.xref_ms_project_main_project (
	ms_project_id bigint NOT NULL,
	project_id bigint NOT NULL,
	comment text,
	is_deleted boolean DEFAULT false,
	CONSTRAINT pk_ms_project_main_project PRIMARY KEY (ms_project_id,project_id)

);
-- ddl-end --
ALTER TABLE sf_schema.xref_ms_project_main_project OWNER TO current_user;
-- ddl-end --

-- object: sf_schema.xref_team_person | type: TABLE --
-- DROP TABLE IF EXISTS sf_schema.xref_team_person CASCADE;
CREATE TABLE sf_schema.xref_team_person (
	team_id bigint NOT NULL,
	person_id bigint NOT NULL,
	comment text,
	is_deleted boolean DEFAULT false,
	CONSTRAINT pk_xref_team_person PRIMARY KEY (team_id,person_id)

);
-- ddl-end --
ALTER TABLE sf_schema.xref_team_person OWNER TO current_user;
-- ddl-end --

-- object: sf_schema.hist_xref_team_person | type: TABLE --
-- DROP TABLE IF EXISTS sf_schema.hist_xref_team_person CASCADE;
CREATE TABLE sf_schema.hist_xref_team_person (
	hist_id bigint NOT NULL GENERATED BY DEFAULT AS IDENTITY,
	team_id bigint,
	person_id bigint,
	comment text,
	is_deleted boolean,
	action_date timestamp,
	action_user character varying(30),
	action_taken character varying(20),
	CONSTRAINT pk_hist_xref_team_person PRIMARY KEY (hist_id)

);
-- ddl-end --
ALTER TABLE sf_schema.hist_xref_team_person OWNER TO current_user;
-- ddl-end --

-- object: sf_schema.hist_xref_project_team | type: TABLE --
-- DROP TABLE IF EXISTS sf_schema.hist_xref_project_team CASCADE;
CREATE TABLE sf_schema.hist_xref_project_team (
	hist_id bigint NOT NULL GENERATED BY DEFAULT AS IDENTITY,
	project_id bigint,
	team_id bigint,
	comment text,
	is_deleted boolean,
	action_date timestamp,
	action_user character varying(30),
	action_taken character varying(20),
	CONSTRAINT pk_hist_xref_project_team PRIMARY KEY (hist_id)

);
-- ddl-end --
ALTER TABLE sf_schema.hist_xref_project_team OWNER TO current_user;
-- ddl-end --

-- object: sf_schema.xref_project_team | type: TABLE --
-- DROP TABLE IF EXISTS sf_schema.xref_project_team CASCADE;
CREATE TABLE sf_schema.xref_project_team (
	project_id bigint NOT NULL,
	team_id bigint NOT NULL,
	comment text,
	is_deleted boolean DEFAULT false,
	CONSTRAINT pk_xref_project_team PRIMARY KEY (project_id,team_id)

);
-- ddl-end --
ALTER TABLE sf_schema.xref_project_team OWNER TO current_user;
-- ddl-end --

/**********************/
/* ** FOREIGN KEYS ** */
/**********************/
-- object: fk_project_program | type: CONSTRAINT --
-- ALTER TABLE sf_schema.project DROP CONSTRAINT IF EXISTS fk_project_program CASCADE;
ALTER TABLE sf_schema.project ADD CONSTRAINT fk_project_program FOREIGN KEY (program_id)
REFERENCES sf_schema.program (id) MATCH SIMPLE
ON DELETE NO ACTION ON UPDATE NO ACTION;
-- ddl-end --

-- object: fk_release_program | type: CONSTRAINT --
-- ALTER TABLE sf_schema.release DROP CONSTRAINT IF EXISTS fk_release_program CASCADE;
ALTER TABLE sf_schema.release ADD CONSTRAINT fk_release_program FOREIGN KEY (program_id)
REFERENCES sf_schema.program (id) MATCH SIMPLE
ON DELETE NO ACTION ON UPDATE NO ACTION;
-- ddl-end --

-- object: fk_process_project | type: CONSTRAINT --
-- ALTER TABLE sf_schema.process DROP CONSTRAINT IF EXISTS fk_process_project CASCADE;
ALTER TABLE sf_schema.process ADD CONSTRAINT fk_process_project FOREIGN KEY (project_id)
REFERENCES sf_schema.project (id) MATCH SIMPLE
ON DELETE NO ACTION ON UPDATE NO ACTION;
-- ddl-end --

-- object: fk_contact_state | type: CONSTRAINT --
-- ALTER TABLE sf_schema.contact DROP CONSTRAINT IF EXISTS fk_contact_state CASCADE;
ALTER TABLE sf_schema.contact ADD CONSTRAINT fk_contact_state FOREIGN KEY (region_id)
REFERENCES sf_schema.list_region (id) MATCH SIMPLE
ON DELETE NO ACTION ON UPDATE NO ACTION;
-- ddl-end --

-- object: fk_customer_contact | type: CONSTRAINT --
-- ALTER TABLE sf_schema.customer DROP CONSTRAINT IF EXISTS fk_customer_contact CASCADE;
ALTER TABLE sf_schema.customer ADD CONSTRAINT fk_customer_contact FOREIGN KEY (contact_id)
REFERENCES sf_schema.contact (id) MATCH SIMPLE
ON DELETE NO ACTION ON UPDATE NO ACTION;
-- ddl-end --

-- object: fk_person_contact | type: CONSTRAINT --
-- ALTER TABLE sf_schema.person DROP CONSTRAINT IF EXISTS fk_person_contact CASCADE;
ALTER TABLE sf_schema.person ADD CONSTRAINT fk_person_contact FOREIGN KEY (contact_id)
REFERENCES sf_schema.contact (id) MATCH SIMPLE
ON DELETE NO ACTION ON UPDATE NO ACTION;
-- ddl-end --

-- object: fk_person_skill | type: CONSTRAINT --
-- ALTER TABLE sf_schema.person DROP CONSTRAINT IF EXISTS fk_person_skill CASCADE;
ALTER TABLE sf_schema.person ADD CONSTRAINT fk_person_skill FOREIGN KEY (primary_skill_id)
REFERENCES sf_schema.list_skill (id) MATCH SIMPLE
ON DELETE NO ACTION ON UPDATE NO ACTION;
-- ddl-end --

-- object: fk_person | type: CONSTRAINT --
-- ALTER TABLE sf_schema.xref_person_role DROP CONSTRAINT IF EXISTS fk_person CASCADE;
ALTER TABLE sf_schema.xref_person_role ADD CONSTRAINT fk_person FOREIGN KEY (person_id)
REFERENCES sf_schema.person (id) MATCH SIMPLE
ON DELETE NO ACTION ON UPDATE NO ACTION;
-- ddl-end --

-- object: fk_list_role | type: CONSTRAINT --
-- ALTER TABLE sf_schema.xref_person_role DROP CONSTRAINT IF EXISTS fk_list_role CASCADE;
ALTER TABLE sf_schema.xref_person_role ADD CONSTRAINT fk_list_role FOREIGN KEY (list_role_id)
REFERENCES sf_schema.list_role (id) MATCH SIMPLE
ON DELETE NO ACTION ON UPDATE NO ACTION;
-- ddl-end --

-- object: fk_xref_person_skill | type: CONSTRAINT --
-- ALTER TABLE sf_schema.xref_person_skill DROP CONSTRAINT IF EXISTS fk_xref_person_skill CASCADE;
ALTER TABLE sf_schema.xref_person_skill ADD CONSTRAINT fk_xref_person_skill FOREIGN KEY (person_id)
REFERENCES sf_schema.person (id) MATCH SIMPLE
ON DELETE NO ACTION ON UPDATE NO ACTION;
-- ddl-end --

-- object: fk_xref_skill_person | type: CONSTRAINT --
-- ALTER TABLE sf_schema.xref_person_skill DROP CONSTRAINT IF EXISTS fk_xref_skill_person CASCADE;
ALTER TABLE sf_schema.xref_person_skill ADD CONSTRAINT fk_xref_skill_person FOREIGN KEY (list_skill_id)
REFERENCES sf_schema.list_skill (id) MATCH SIMPLE
ON DELETE NO ACTION ON UPDATE NO ACTION;
-- ddl-end --

-- object: fk_xref_customer_program | type: CONSTRAINT --
-- ALTER TABLE sf_schema.xref_program_customer DROP CONSTRAINT IF EXISTS fk_xref_customer_program CASCADE;
ALTER TABLE sf_schema.xref_program_customer ADD CONSTRAINT fk_xref_customer_program FOREIGN KEY (customer_id)
REFERENCES sf_schema.customer (id) MATCH SIMPLE
ON DELETE NO ACTION ON UPDATE NO ACTION;
-- ddl-end --

-- object: fk_xref_program_customer | type: CONSTRAINT --
-- ALTER TABLE sf_schema.xref_program_customer DROP CONSTRAINT IF EXISTS fk_xref_program_customer CASCADE;
ALTER TABLE sf_schema.xref_program_customer ADD CONSTRAINT fk_xref_program_customer FOREIGN KEY (program_id)
REFERENCES sf_schema.program (id) MATCH SIMPLE
ON DELETE NO ACTION ON UPDATE NO ACTION;
-- ddl-end --

-- object: fk_xref_project_release | type: CONSTRAINT --
-- ALTER TABLE sf_schema.xref_release_project DROP CONSTRAINT IF EXISTS fk_xref_project_release CASCADE;
ALTER TABLE sf_schema.xref_release_project ADD CONSTRAINT fk_xref_project_release FOREIGN KEY (project_id)
REFERENCES sf_schema.project (id) MATCH SIMPLE
ON DELETE NO ACTION ON UPDATE NO ACTION;
-- ddl-end --

-- object: fk_xref_release_project | type: CONSTRAINT --
-- ALTER TABLE sf_schema.xref_release_project DROP CONSTRAINT IF EXISTS fk_xref_release_project CASCADE;
ALTER TABLE sf_schema.xref_release_project ADD CONSTRAINT fk_xref_release_project FOREIGN KEY (release_id)
REFERENCES sf_schema.release (id) MATCH SIMPLE
ON DELETE NO ACTION ON UPDATE NO ACTION;
-- ddl-end --

-- object: fk_person | type: CONSTRAINT --
-- ALTER TABLE sf_schema.xref_project_person_role DROP CONSTRAINT IF EXISTS fk_person CASCADE;
ALTER TABLE sf_schema.xref_project_person_role ADD CONSTRAINT fk_person FOREIGN KEY (person_id)
REFERENCES sf_schema.person (id) MATCH SIMPLE
ON DELETE NO ACTION ON UPDATE NO ACTION;
-- ddl-end --

-- object: fk_list_role_id | type: CONSTRAINT --
-- ALTER TABLE sf_schema.xref_project_person_role DROP CONSTRAINT IF EXISTS fk_list_role_id CASCADE;
ALTER TABLE sf_schema.xref_project_person_role ADD CONSTRAINT fk_list_role_id FOREIGN KEY (list_role_id)
REFERENCES sf_schema.list_role (id) MATCH SIMPLE
ON DELETE NO ACTION ON UPDATE NO ACTION;
-- ddl-end --

-- object: fk_xref_project_person_role_project | type: CONSTRAINT --
-- ALTER TABLE sf_schema.xref_project_person_role DROP CONSTRAINT IF EXISTS fk_xref_project_person_role_project CASCADE;
ALTER TABLE sf_schema.xref_project_person_role ADD CONSTRAINT fk_xref_project_person_role_project FOREIGN KEY (project_id)
REFERENCES sf_schema.project (id) MATCH SIMPLE
ON DELETE NO ACTION ON UPDATE NO ACTION;
-- ddl-end --

-- object: fk_xref_list_tool_project | type: CONSTRAINT --
-- ALTER TABLE sf_schema.xref_tool_project DROP CONSTRAINT IF EXISTS fk_xref_list_tool_project CASCADE;
ALTER TABLE sf_schema.xref_tool_project ADD CONSTRAINT fk_xref_list_tool_project FOREIGN KEY (list_tool_id)
REFERENCES sf_schema.list_tool (id) MATCH SIMPLE
ON DELETE NO ACTION ON UPDATE NO ACTION;
-- ddl-end --

-- object: fk_xref_project_list_tool | type: CONSTRAINT --
-- ALTER TABLE sf_schema.xref_tool_project DROP CONSTRAINT IF EXISTS fk_xref_project_list_tool CASCADE;
ALTER TABLE sf_schema.xref_tool_project ADD CONSTRAINT fk_xref_project_list_tool FOREIGN KEY (project_id)
REFERENCES sf_schema.project (id) MATCH SIMPLE
ON DELETE NO ACTION ON UPDATE NO ACTION;
-- ddl-end --

-- object: fk_xref_customer_person | type: CONSTRAINT --
-- ALTER TABLE sf_schema.xref_customer_person DROP CONSTRAINT IF EXISTS fk_xref_customer_person CASCADE;
ALTER TABLE sf_schema.xref_customer_person ADD CONSTRAINT fk_xref_customer_person FOREIGN KEY (customer_id)
REFERENCES sf_schema.customer (id) MATCH SIMPLE
ON DELETE NO ACTION ON UPDATE NO ACTION;
-- ddl-end --

-- object: fk_xref_person_customer | type: CONSTRAINT --
-- ALTER TABLE sf_schema.xref_customer_person DROP CONSTRAINT IF EXISTS fk_xref_person_customer CASCADE;
ALTER TABLE sf_schema.xref_customer_person ADD CONSTRAINT fk_xref_person_customer FOREIGN KEY (person_id)
REFERENCES sf_schema.person (id) MATCH SIMPLE
ON DELETE NO ACTION ON UPDATE NO ACTION;
-- ddl-end --

-- object: fk_xref_dependency_project | type: CONSTRAINT --
-- ALTER TABLE sf_schema.xref_dependency_project DROP CONSTRAINT IF EXISTS fk_xref_dependency_project CASCADE;
ALTER TABLE sf_schema.xref_dependency_project ADD CONSTRAINT fk_xref_dependency_project FOREIGN KEY (dependency_id)
REFERENCES sf_schema.dependency (id) MATCH SIMPLE
ON DELETE NO ACTION ON UPDATE NO ACTION;
-- ddl-end --

-- object: fk_xref_project_dependency | type: CONSTRAINT --
-- ALTER TABLE sf_schema.xref_dependency_project DROP CONSTRAINT IF EXISTS fk_xref_project_dependency CASCADE;
ALTER TABLE sf_schema.xref_dependency_project ADD CONSTRAINT fk_xref_project_dependency FOREIGN KEY (project_id)
REFERENCES sf_schema.project (id) MATCH SIMPLE
ON DELETE NO ACTION ON UPDATE NO ACTION;
-- ddl-end --

-- object: fk_xref_pwr_bi_main_program_pwr_bi | type: CONSTRAINT --
-- ALTER TABLE sf_schema.xref_pwr_bi_main_program DROP CONSTRAINT IF EXISTS fk_xref_pwr_bi_main_program_pwr_bi CASCADE;
ALTER TABLE sf_schema.xref_pwr_bi_main_program ADD CONSTRAINT fk_xref_pwr_bi_main_program_pwr_bi FOREIGN KEY (pwr_bi_main_id)
REFERENCES sf_ex_schema.pwr_bi_main (id) MATCH SIMPLE
ON DELETE NO ACTION ON UPDATE NO ACTION;
-- ddl-end --

-- object: fk_xref_pwr_bi_main_program_program | type: CONSTRAINT --
-- ALTER TABLE sf_schema.xref_pwr_bi_main_program DROP CONSTRAINT IF EXISTS fk_xref_pwr_bi_main_program_program CASCADE;
ALTER TABLE sf_schema.xref_pwr_bi_main_program ADD CONSTRAINT fk_xref_pwr_bi_main_program_program FOREIGN KEY (program_id)
REFERENCES sf_schema.program (id) MATCH SIMPLE
ON DELETE NO ACTION ON UPDATE NO ACTION;
-- ddl-end --

-- object: fk_xref_ms_project_project_ms_project | type: CONSTRAINT --
-- ALTER TABLE sf_schema.xref_ms_project_main_project DROP CONSTRAINT IF EXISTS fk_xref_ms_project_project_ms_project CASCADE;
ALTER TABLE sf_schema.xref_ms_project_main_project ADD CONSTRAINT fk_xref_ms_project_project_ms_project FOREIGN KEY (ms_project_id)
REFERENCES sf_ex_schema.ms_project_main (id) MATCH SIMPLE
ON DELETE NO ACTION ON UPDATE NO ACTION;
-- ddl-end --

-- object: fk_xref_ms_project_project_project | type: CONSTRAINT --
-- ALTER TABLE sf_schema.xref_ms_project_main_project DROP CONSTRAINT IF EXISTS fk_xref_ms_project_project_project CASCADE;
ALTER TABLE sf_schema.xref_ms_project_main_project ADD CONSTRAINT fk_xref_ms_project_project_project FOREIGN KEY (project_id)
REFERENCES sf_schema.project (id) MATCH SIMPLE
ON DELETE NO ACTION ON UPDATE NO ACTION;
-- ddl-end --

-- object: fk_xref_team_person_team | type: CONSTRAINT --
-- ALTER TABLE sf_schema.xref_team_person DROP CONSTRAINT IF EXISTS fk_xref_team_person_team CASCADE;
ALTER TABLE sf_schema.xref_team_person ADD CONSTRAINT fk_xref_team_person_team FOREIGN KEY (team_id)
REFERENCES sf_schema.team (id) MATCH SIMPLE
ON DELETE NO ACTION ON UPDATE NO ACTION;
-- ddl-end --

-- object: fk_xref_team_person_person | type: CONSTRAINT --
-- ALTER TABLE sf_schema.xref_team_person DROP CONSTRAINT IF EXISTS fk_xref_team_person_person CASCADE;
ALTER TABLE sf_schema.xref_team_person ADD CONSTRAINT fk_xref_team_person_person FOREIGN KEY (person_id)
REFERENCES sf_schema.person (id) MATCH SIMPLE
ON DELETE NO ACTION ON UPDATE NO ACTION;
-- ddl-end --

-- object: fk_xref_project_team_team | type: CONSTRAINT --
-- ALTER TABLE sf_schema.xref_project_team DROP CONSTRAINT IF EXISTS fk_xref_project_team_team CASCADE;
ALTER TABLE sf_schema.xref_project_team ADD CONSTRAINT fk_xref_project_team_team FOREIGN KEY (team_id)
REFERENCES sf_schema.team (id) MATCH SIMPLE
ON DELETE NO ACTION ON UPDATE NO ACTION;
-- ddl-end --

-- object: fk_xref_project_team_project | type: CONSTRAINT --
-- ALTER TABLE sf_schema.xref_project_team DROP CONSTRAINT IF EXISTS fk_xref_project_team_project CASCADE;
ALTER TABLE sf_schema.xref_project_team ADD CONSTRAINT fk_xref_project_team_project FOREIGN KEY (project_id)
REFERENCES sf_schema.project (id) MATCH SIMPLE
ON DELETE NO ACTION ON UPDATE NO ACTION;
-- ddl-end --

/**********************/
/* **** TRIGGERS **** */
/**********************/
-- object: sf_schema.tg_fn_new_program | type: FUNCTION --
-- DROP FUNCTION IF EXISTS sf_schema.tg_fn_new_program() CASCADE;
CREATE OR REPLACE FUNCTION sf_schema.tg_fn_new_program ()
	RETURNS trigger AS '
DECLARE 
    arg_value varchar;
BEGIN
    arg_value := TG_ARGV[0];

INSERT INTO sf_schema.hist_program (id, 
       name,
       budget,
       date_start,
       date_end,
       comment,
       is_deleted,
       action_date, action_user, action_taken) 
       VALUES (NEW.id, 
       NEW.name,
       NEW.budget,
       NEW.date_start,
       NEW.date_end,
       NEW.comment,
       NEW.is_deleted,
       NOW(), user, arg_value);
       RETURN NEW;
END;
'
LANGUAGE 'plpgsql';

-- ddl-end --
ALTER FUNCTION sf_schema.tg_fn_new_program() OWNER TO current_user;
-- ddl-end --

-- object: sf_schema.tg_fn_old_program | type: FUNCTION --
-- DROP FUNCTION IF EXISTS sf_schema.tg_fn_old_program() CASCADE;
CREATE OR REPLACE FUNCTION sf_schema.tg_fn_old_program ()
	RETURNS trigger AS '
DECLARE 
    arg_value varchar;
BEGIN
    arg_value := TG_ARGV[0];

INSERT INTO sf_schema.hist_program (id, 
       name,
       budget,
       date_start,
       date_end,
       comment,
       is_deleted,
       action_date, action_user, action_taken) 
       VALUES (OLD.id, 
       OLD.name,
       OLD.budget,
       OLD.date_start,
       OLD.date_end,
       OLD.comment,
       OLD.is_deleted,
       NOW(), user, arg_value);
       RETURN OLD;
END;
'
LANGUAGE 'plpgsql';

-- ddl-end --
ALTER FUNCTION sf_schema.tg_fn_old_program() OWNER TO current_user;
-- ddl-end --

-- object: tg_insert_program | type: TRIGGER --
-- DROP TRIGGER IF EXISTS tg_insert_program ON sf_schema.program CASCADE;
CREATE TRIGGER tg_insert_program
	BEFORE INSERT 
ON sf_schema.program
	FOR EACH ROW
	EXECUTE PROCEDURE sf_schema.tg_fn_new_program('INSERT');
-- ddl-end --

-- object: tg_update_program | type: TRIGGER --
-- DROP TRIGGER IF EXISTS tg_update_program ON sf_schema.program CASCADE;
CREATE TRIGGER tg_update_program
	BEFORE UPDATE
ON sf_schema.program
	FOR EACH ROW
	EXECUTE PROCEDURE sf_schema.tg_fn_new_program('UPDATE');
-- ddl-end --

-- object: tg_delete_program | type: TRIGGER --
-- DROP TRIGGER IF EXISTS tg_delete_program ON sf_schema.program CASCADE;
CREATE TRIGGER tg_delete_program
	BEFORE DELETE 
ON sf_schema.program
	FOR EACH ROW
	EXECUTE PROCEDURE sf_schema.tg_fn_old_program('DELETE');
-- ddl-end --

-- object: sf_schema.tg_fn_new_project | type: FUNCTION --
-- DROP FUNCTION IF EXISTS sf_schema.tg_fn_new_project() CASCADE;
CREATE OR REPLACE FUNCTION sf_schema.tg_fn_new_project ()
	RETURNS trigger AS '
DECLARE 
    arg_value varchar;
BEGIN
    arg_value := TG_ARGV[0];

INSERT INTO sf_schema.hist_project (id, 
       name,
       program_id,
       date_start,
       date_end,
       total_cost,
       comment,
 is_deleted,
       action_date, action_user, action_taken) 
       VALUES (NEW.id, 
       NEW.name,
       NEW.program_id,
       NEW.date_start,
       NEW.date_end,
       NEW.total_cost,
       NEW.comment,
 NEW.is_deleted,
       NOW(), user, arg_value);
       RETURN NEW;
END;
' 
LANGUAGE 'plpgsql';

-- ddl-end --
ALTER FUNCTION sf_schema.tg_fn_new_project() OWNER TO current_user;
-- ddl-end --

-- object: sf_schema.tg_fn_old_project | type: FUNCTION --
-- DROP FUNCTION IF EXISTS sf_schema.tg_fn_old_project() CASCADE;
CREATE OR REPLACE FUNCTION sf_schema.tg_fn_old_project ()
	RETURNS trigger AS '
DECLARE 
    arg_value varchar;
BEGIN
    arg_value := TG_ARGV[0];

INSERT INTO sf_schema.hist_project (id, 
       name,
       program_id,
       date_start,
       date_end,
       total_cost,
       comment,
 is_deleted,
       action_date, action_user, action_taken) 
       VALUES (OLD.id, 
       OLD.name,
       OLD.program_id,
       OLD.date_start,
       OLD.date_end,
       OLD.total_cost,
       OLD.comment,
 OLD.is_deleted,
       NOW(), user, arg_value);
       RETURN OLD;
END;
'
LANGUAGE 'plpgsql';


-- ddl-end --
ALTER FUNCTION sf_schema.tg_fn_old_project() OWNER TO current_user;
-- ddl-end --

-- object: tg_insert_project | type: TRIGGER --
-- DROP TRIGGER IF EXISTS tg_insert_project ON sf_schema.project CASCADE;
CREATE TRIGGER tg_insert_project
	BEFORE INSERT 
ON sf_schema.project
	FOR EACH ROW
	EXECUTE PROCEDURE sf_schema.tg_fn_new_project('INSERT');
-- ddl-end --

-- object: tg_update_project | type: TRIGGER --
-- DROP TRIGGER IF EXISTS tg_update_project ON sf_schema.project CASCADE;
CREATE TRIGGER tg_update_project
	BEFORE UPDATE
ON sf_schema.project
	FOR EACH ROW
	EXECUTE PROCEDURE sf_schema.tg_fn_new_project('UPDATE');
-- ddl-end --

-- object: tg_delete_project | type: TRIGGER --
-- DROP TRIGGER IF EXISTS tg_delete_project ON sf_schema.project CASCADE;
CREATE TRIGGER tg_delete_project
	BEFORE DELETE 
ON sf_schema.project
	FOR EACH ROW
	EXECUTE PROCEDURE sf_schema.tg_fn_old_project('DELETE');
-- ddl-end --

-- object: sf_schema.tg_fn_new_release | type: FUNCTION --
-- DROP FUNCTION IF EXISTS sf_schema.tg_fn_new_release() CASCADE;
CREATE OR REPLACE FUNCTION sf_schema.tg_fn_new_release ()
	RETURNS trigger AS '
DECLARE 
    arg_value varchar;
BEGIN
    arg_value := TG_ARGV[0];

INSERT INTO sf_schema.hist_release (id, 
       name,
       date,
       program_id,
 is_deleted,
       action_date, action_user, action_taken) 
       VALUES (NEW.id, 
       NEW.name,
       NEW.date,
       NEW.program_id,
 NEW.is_deleted,
       NOW(), user, arg_value);
       RETURN NEW;
END;
'
LANGUAGE 'plpgsql';

-- ddl-end --
ALTER FUNCTION sf_schema.tg_fn_new_release() OWNER TO current_user;
-- ddl-end --

-- object: sf_schema.tg_fn_old_release | type: FUNCTION --
-- DROP FUNCTION IF EXISTS sf_schema.tg_fn_old_release() CASCADE;
CREATE OR REPLACE FUNCTION sf_schema.tg_fn_old_release ()
	RETURNS trigger AS '
DECLARE 
    arg_value varchar;
BEGIN
    arg_value := TG_ARGV[0];

INSERT INTO sf_schema.hist_release (id, 
       name,
       date,
       program_id,
       is_deleted,
       action_date, action_user, action_taken) 
       VALUES (OLD.id, 
       OLD.name,
       OLD.date,
       OLD.program_id,
       OLD.is_deleted,
       NOW(), user, arg_value);
       RETURN OLD;
END;
'
LANGUAGE 'plpgsql';

-- ddl-end --
ALTER FUNCTION sf_schema.tg_fn_old_release() OWNER TO current_user;
-- ddl-end --

-- object: tg_insert_release | type: TRIGGER --
-- DROP TRIGGER IF EXISTS tg_insert_release ON sf_schema.release CASCADE;
CREATE TRIGGER tg_insert_release
	BEFORE INSERT 
ON sf_schema.release
	FOR EACH ROW
	EXECUTE PROCEDURE sf_schema.tg_fn_new_release('INSERT');
-- ddl-end --

-- object: tg_update_release | type: TRIGGER --
-- DROP TRIGGER IF EXISTS tg_update_release ON sf_schema.release CASCADE;
CREATE TRIGGER tg_update_release
	BEFORE UPDATE
ON sf_schema.release
	FOR EACH ROW
	EXECUTE PROCEDURE sf_schema.tg_fn_new_release('UPDATE');
-- ddl-end --

-- object: tg_delete_release | type: TRIGGER --
-- DROP TRIGGER IF EXISTS tg_delete_release ON sf_schema.release CASCADE;
CREATE TRIGGER tg_delete_release
	BEFORE DELETE 
ON sf_schema.release
	FOR EACH ROW
	EXECUTE PROCEDURE sf_schema.tg_fn_old_release('DELETE');
-- ddl-end --

-- object: sf_schema.tg_fn_new_list_region | type: FUNCTION --
-- DROP FUNCTION IF EXISTS sf_schema.tg_fn_new_list_region() CASCADE;
CREATE OR REPLACE FUNCTION sf_schema.tg_fn_new_list_region ()
	RETURNS trigger AS '
DECLARE 
    arg_value varchar;
BEGIN
    arg_value := TG_ARGV[0];

INSERT INTO sf_schema.hist_list_region (id, 
       name,
       is_deleted,
       action_date, action_user, action_taken) 
       VALUES (NEW.id, 
       NEW.name,
       NEW.is_deleted,
       NOW(), user, arg_value);
       RETURN NEW;
END;
'
LANGUAGE 'plpgsql';

-- ddl-end --
ALTER FUNCTION sf_schema.tg_fn_new_list_region() OWNER TO current_user;
-- ddl-end --

-- object: sf_schema.tg_fn_old_list_region | type: FUNCTION --
-- DROP FUNCTION IF EXISTS sf_schema.tg_fn_old_list_region() CASCADE;
CREATE OR REPLACE FUNCTION sf_schema.tg_fn_old_list_region ()
Returns trigger AS '
DECLARE 
    arg_value varchar;
BEGIN
    arg_value := TG_ARGV[0];
INSERT INTO sf_schema.hist_list_region (id, 
       name,
       is_deleted,
       action_date, action_user, action_taken) 
       VALUES (OLD.id, 
       OLD.name,
       OLD.is_deleted,
       NOW(), user, arg_value);
       RETURN OLD;
END;
'
LANGUAGE 'plpgsql';

-- ddl-end --
ALTER FUNCTION sf_schema.tg_fn_old_list_region() OWNER TO current_user;
-- ddl-end --

-- object: tg_insert_list_region | type: TRIGGER --
-- DROP TRIGGER IF EXISTS tg_insert_list_region ON sf_schema.list_region CASCADE;
CREATE TRIGGER tg_insert_list_region
	BEFORE INSERT 
ON sf_schema.list_region
	FOR EACH ROW
	EXECUTE PROCEDURE sf_schema.tg_fn_new_list_region('INSERT');
-- ddl-end --

-- object: tg_update_list_region | type: TRIGGER --
-- DROP TRIGGER IF EXISTS tg_update_list_region ON sf_schema.list_region CASCADE;
CREATE TRIGGER tg_update_list_region
	BEFORE UPDATE
ON sf_schema.list_region
	FOR EACH ROW
	EXECUTE PROCEDURE sf_schema.tg_fn_new_list_region('UPDATE');
-- ddl-end --

-- object: tg_delete_list_region | type: TRIGGER --
-- DROP TRIGGER IF EXISTS tg_delete_list_region ON sf_schema.list_region CASCADE;
CREATE TRIGGER tg_delete_list_region
	BEFORE DELETE 
ON sf_schema.list_region
	FOR EACH ROW
	EXECUTE PROCEDURE sf_schema.tg_fn_old_list_region('DELETE');
-- ddl-end --

-- object: sf_schema.tg_fn_new_list_tool | type: FUNCTION --
-- DROP FUNCTION IF EXISTS sf_schema.tg_fn_new_list_tool() CASCADE;
CREATE OR REPLACE FUNCTION sf_schema.tg_fn_new_list_tool ()
RETURNS trigger as '
DECLARE 
    arg_value varchar;
BEGIN
    arg_value := TG_ARGV[0];

INSERT INTO sf_schema.hist_list_tool (id, 
       name,
       location,
       cost,
       comment,
       is_deleted,
       action_date, action_user, action_taken) 
       VALUES (NEW.id, 
       NEW.name,
       NEW.location,
       NEW.cost,
       NEW.comment,
       NEW.is_deleted,
       NOW(), user, arg_value);
       RETURN NEW;
END;
'
LANGUAGE 'plpgsql';

-- ddl-end --
ALTER FUNCTION sf_schema.tg_fn_new_list_tool() OWNER TO current_user;
-- ddl-end --

-- object: sf_schema.tg_fn_old_list_tool | type: FUNCTION --
-- DROP FUNCTION IF EXISTS sf_schema.tg_fn_old_list_tool() CASCADE;
CREATE OR REPLACE FUNCTION sf_schema.tg_fn_old_list_tool ()
RETURNS trigger AS '
DECLARE 
    arg_value varchar;
BEGIN
    arg_value := TG_ARGV[0];

INSERT INTO sf_schema.hist_list_tool (id, 
       name,
       location,
       cost,
       comment,
       is_deleted,
       action_date, action_user, action_taken) 
       VALUES (OLD.id, 
       OLD.name,
       OLD.location,
       OLD.cost,
       OLD.comment,
       OLD.is_deleted,
       NOW(), user, arg_value);
       RETURN OLD;
END;
'
LANGUAGE 'plpgsql';
-- ddl-end --
ALTER FUNCTION sf_schema.tg_fn_old_list_tool() OWNER TO current_user;
-- ddl-end --

-- object: tg_insert_list_tool | type: TRIGGER --
-- DROP TRIGGER IF EXISTS tg_insert_list_tool ON sf_schema.list_tool CASCADE;
CREATE TRIGGER tg_insert_list_tool
	BEFORE INSERT 
ON sf_schema.list_tool
	FOR EACH ROW
	EXECUTE PROCEDURE sf_schema.tg_fn_new_list_tool('INSERT');
-- ddl-end --

-- object: tg_update_list_tool | type: TRIGGER --
-- DROP TRIGGER IF EXISTS tg_update_list_tool ON sf_schema.list_tool CASCADE;
CREATE TRIGGER tg_update_list_tool
	BEFORE UPDATE
ON sf_schema.list_tool
	FOR EACH ROW
	EXECUTE PROCEDURE sf_schema.tg_fn_new_list_tool('UPDATE');
-- ddl-end --

-- object: tg_delete_list_tool | type: TRIGGER --
-- DROP TRIGGER IF EXISTS tg_delete_list_tool ON sf_schema.list_tool CASCADE;
CREATE TRIGGER tg_delete_list_tool
	BEFORE DELETE 
ON sf_schema.list_tool
	FOR EACH ROW
	EXECUTE PROCEDURE sf_schema.tg_fn_old_list_tool('DELETE');
-- ddl-end --

-- object: sf_schema.tg_fn_new_dependency | type: FUNCTION --
-- DROP FUNCTION IF EXISTS sf_schema.tg_fn_new_dependency() CASCADE;
CREATE OR REPLACE FUNCTION sf_schema.tg_fn_new_dependency ()
RETURNS trigger AS '
DECLARE 
    arg_value varchar;
BEGIN
    arg_value := TG_ARGV[0];

INSERT INTO sf_schema.hist_dependency (id, 
       name,
       type,
       cost,
       date_start,
       comment,
       is_deleted,
       action_date, action_user, action_taken) 
       VALUES (NEW.id, 
       NEW.name,
       NEW.type,
       NEW.cost,
       NEW.date_start,
       NEW.comment,
       NEW.is_deleted,
       NOW(), user, arg_value);
       RETURN NEW;
END;
'
LANGUAGE 'plpgsql';
-- ddl-end --
ALTER FUNCTION sf_schema.tg_fn_new_dependency() OWNER TO current_user;
-- ddl-end --

-- object: sf_schema.tg_fn_old_dependency | type: FUNCTION --
-- DROP FUNCTION IF EXISTS sf_schema.tg_fn_old_dependency() CASCADE;
CREATE OR REPLACE FUNCTION sf_schema.tg_fn_old_dependency ()
RETURNS trigger AS '
DECLARE 
    arg_value varchar;
BEGIN
    arg_value := TG_ARGV[0];

INSERT INTO sf_schema.hist_dependency (id, 
       name,
       type,
       cost,
       date_start,
       comment,
       is_deleted,
       action_date, action_user, action_taken) 
       VALUES (OLD.id, 
       OLD.name,
       OLD.type,
       OLD.cost,
       OLD.date_start,
       OLD.comment,
       OLD.is_deleted,
       NOW(), user, arg_value);
       RETURN OLD;
END;
'
LANGUAGE 'plpgsql';
-- ddl-end --
ALTER FUNCTION sf_schema.tg_fn_old_dependency() OWNER TO current_user;
-- ddl-end --

-- object: tg_insert_dependency | type: TRIGGER --
-- DROP TRIGGER IF EXISTS tg_insert_dependency ON sf_schema.dependency CASCADE;
CREATE TRIGGER tg_insert_dependency
	BEFORE INSERT 
ON sf_schema.dependency
	FOR EACH ROW
	EXECUTE PROCEDURE sf_schema.tg_fn_new_dependency('INSERT');
-- ddl-end --

-- object: tg_update_dependency | type: TRIGGER --
-- DROP TRIGGER IF EXISTS tg_update_dependency ON sf_schema.dependency CASCADE;
CREATE TRIGGER tg_update_dependency
	BEFORE UPDATE
ON sf_schema.dependency
	FOR EACH ROW
	EXECUTE PROCEDURE sf_schema.tg_fn_new_dependency('UPDATE');
-- ddl-end --

-- object: tg_delete_dependency | type: TRIGGER --
-- DROP TRIGGER IF EXISTS tg_delete_dependency ON sf_schema.dependency CASCADE;
CREATE TRIGGER tg_delete_dependency
	BEFORE DELETE 
ON sf_schema.dependency
	FOR EACH ROW
	EXECUTE PROCEDURE sf_schema.tg_fn_old_dependency('DELETE');
-- ddl-end --

-- object: sf_schema.tg_fn_new_process | type: FUNCTION --
-- DROP FUNCTION IF EXISTS sf_schema.tg_fn_new_process() CASCADE;
CREATE OR REPLACE FUNCTION sf_schema.tg_fn_new_process ()
RETURNS trigger AS '
DECLARE 
    arg_value varchar;
BEGIN
    arg_value := TG_ARGV[0];

INSERT INTO sf_schema.hist_process (id, 
       project_id,
       name,
       date_start,
       date_end,
       comment,
       is_deleted,
       action_date, action_user, action_taken) 
       VALUES (NEW.id, 
       NEW.project_id,
       NEW.name,
       NEW.date_start,
       NEW.date_end,
       NEW.comment,
       NEW.is_deleted,
       NOW(), user, arg_value);
       RETURN NEW;
END;
'
LANGUAGE 'plpgsql';
-- ddl-end --
ALTER FUNCTION sf_schema.tg_fn_new_process() OWNER TO current_user;
-- ddl-end --

-- object: sf_schema.tg_fn_old_process | type: FUNCTION --
-- DROP FUNCTION IF EXISTS sf_schema.tg_fn_old_process() CASCADE;
CREATE OR REPLACE FUNCTION sf_schema.tg_fn_old_process ()
RETURNS trigger AS '
DECLARE 
    arg_value varchar;
BEGIN
    arg_value := TG_ARGV[0];

INSERT INTO sf_schema.hist_process (id, 
       project_id,
       name,
       date_start,
       date_end,
       comment,
       is_deleted,
       action_date, action_user, action_taken) 
       VALUES (OLD.id, 
       OLD.project_id,
       OLD.name,
       OLD.date_start,
       OLD.date_end,
       OLD.comment,
       OLD.is_deleted,
       NOW(), user, arg_value);
       RETURN OLD;
END;
'
LANGUAGE 'plpgsql';
-- ddl-end --
ALTER FUNCTION sf_schema.tg_fn_old_process() OWNER TO current_user;
-- ddl-end --

-- object: tg_insert_process | type: TRIGGER --
-- DROP TRIGGER IF EXISTS tg_insert_process ON sf_schema.process CASCADE;
CREATE TRIGGER tg_insert_process
	BEFORE INSERT 
ON sf_schema.process
	FOR EACH ROW
	EXECUTE PROCEDURE sf_schema.tg_fn_new_process('INSERT');
-- ddl-end --

-- object: tg_update_process | type: TRIGGER --
-- DROP TRIGGER IF EXISTS tg_update_process ON sf_schema.process CASCADE;
CREATE TRIGGER tg_update_process
	BEFORE UPDATE
ON sf_schema.process
	FOR EACH ROW
	EXECUTE PROCEDURE sf_schema.tg_fn_new_process('UPDATE');
-- ddl-end --

-- object: tg_delete_process | type: TRIGGER --
-- DROP TRIGGER IF EXISTS tg_delete_process ON sf_schema.process CASCADE;
CREATE TRIGGER tg_delete_process
	BEFORE DELETE 
ON sf_schema.process
	FOR EACH ROW
	EXECUTE PROCEDURE sf_schema.tg_fn_old_process('DELETE');
-- ddl-end --

-- object: sf_schema.tg_fn_new_list_role | type: FUNCTION --
-- DROP FUNCTION IF EXISTS sf_schema.tg_fn_new_list_role() CASCADE;
CREATE OR REPLACE FUNCTION sf_schema.tg_fn_new_list_role ()
RETURNS trigger AS '
DECLARE 
    arg_value varchar;
BEGIN
    arg_value := TG_ARGV[0];

INSERT INTO sf_schema.hist_list_role (id, 
       name,
       is_deleted,
       action_date, action_user, action_taken) 
       VALUES (NEW.id, 
       NEW.name,
       NEW.is_deleted,
       NOW(), user, arg_value);
       RETURN NEW;
END;
'
LANGUAGE 'plpgsql';
-- ddl-end --
ALTER FUNCTION sf_schema.tg_fn_new_list_role() OWNER TO current_user;
-- ddl-end --

-- object: sf_schema.tg_fn_old_list_role | type: FUNCTION --
-- DROP FUNCTION IF EXISTS sf_schema.tg_fn_old_list_role() CASCADE;
CREATE OR REPLACE FUNCTION sf_schema.tg_fn_old_list_role ()
RETURNS trigger AS '
DECLARE 
    arg_value varchar;
BEGIN
    arg_value := TG_ARGV[0];

INSERT INTO sf_schema.hist_list_role (id, 
       name,
       is_deleted,
       action_date, action_user, action_taken) 
       VALUES (OLD.id, 
       OLD.name,
       OLD.is_deleted,
       NOW(), user, arg_value);
       RETURN OLD;
END;
'
LANGUAGE 'plpgsql';
-- ddl-end --
ALTER FUNCTION sf_schema.tg_fn_old_list_role() OWNER TO current_user;
-- ddl-end --

-- object: tg_insert_list_role | type: TRIGGER --
-- DROP TRIGGER IF EXISTS tg_insert_list_role ON sf_schema.list_role CASCADE;
CREATE TRIGGER tg_insert_list_role
	BEFORE INSERT 
ON sf_schema.list_role
	FOR EACH ROW
	EXECUTE PROCEDURE sf_schema.tg_fn_new_list_role('INSERT');
-- ddl-end --

-- object: tg_update_list_role | type: TRIGGER --
-- DROP TRIGGER IF EXISTS tg_update_list_role ON sf_schema.list_role CASCADE;
CREATE TRIGGER tg_update_list_role
	BEFORE UPDATE
ON sf_schema.list_role
	FOR EACH ROW
	EXECUTE PROCEDURE sf_schema.tg_fn_new_list_role('UPDATE');
-- ddl-end --

-- object: tg_delete_list_role | type: TRIGGER --
-- DROP TRIGGER IF EXISTS tg_delete_list_role ON sf_schema.list_role CASCADE;
CREATE TRIGGER tg_delete_list_role
	BEFORE DELETE 
ON sf_schema.list_role
	FOR EACH ROW
	EXECUTE PROCEDURE sf_schema.tg_fn_old_list_role('DELETE');
-- ddl-end --

-- object: sf_schema.tg_fn_new_list_skill | type: FUNCTION --
-- DROP FUNCTION IF EXISTS sf_schema.tg_fn_new_list_skill() CASCADE;
CREATE OR REPLACE FUNCTION sf_schema.tg_fn_new_list_skill ()
RETURNS trigger AS '
DECLARE 
    arg_value varchar;
BEGIN
    arg_value := TG_ARGV[0];

INSERT INTO sf_schema.hist_list_skill (id, 
       name,
       comment,
       is_deleted,
       action_date, action_user, action_taken) 
       VALUES (NEW.id, 
       NEW.name,
       NEW.comment,
       NEW.is_deleted,
       NOW(), user, arg_value);
       RETURN NEW;
END;
'
LANGUAGE 'plpgsql';
-- ddl-end --
ALTER FUNCTION sf_schema.tg_fn_new_list_skill() OWNER TO current_user;
-- ddl-end --

-- object: sf_schema.tg_fn_old_list_skill | type: FUNCTION --
-- DROP FUNCTION IF EXISTS sf_schema.tg_fn_old_list_skill() CASCADE;
CREATE OR REPLACE FUNCTION sf_schema.tg_fn_old_list_skill ()
RETURNS trigger AS '
DECLARE 
    arg_value varchar;
BEGIN
    arg_value := TG_ARGV[0];

INSERT INTO sf_schema.hist_list_skill (id, 
       name,
       comment,
       is_deleted,
       action_date, action_user, action_taken) 
       VALUES (OLD.id, 
       OLD.name,
       OLD.comment,
       OLD.is_deleted,
       NOW(), user, arg_value);
       RETURN OLD;
END;
'
LANGUAGE 'plpgsql';
-- ddl-end --
ALTER FUNCTION sf_schema.tg_fn_old_list_skill() OWNER TO current_user;
-- ddl-end --

-- object: tg_insert_list_skill | type: TRIGGER --
-- DROP TRIGGER IF EXISTS tg_insert_list_skill ON sf_schema.list_skill CASCADE;
CREATE TRIGGER tg_insert_list_skill
	BEFORE INSERT 
ON sf_schema.list_skill
	FOR EACH ROW
	EXECUTE PROCEDURE sf_schema.tg_fn_new_list_skill('INSERT');
-- ddl-end --

-- object: tg_update_list_skill | type: TRIGGER --
-- DROP TRIGGER IF EXISTS tg_update_list_skill ON sf_schema.list_skill CASCADE;
CREATE TRIGGER tg_update_list_skill
	BEFORE UPDATE
ON sf_schema.list_skill
	FOR EACH ROW
	EXECUTE PROCEDURE sf_schema.tg_fn_new_list_skill('UPDATE');
-- ddl-end --

-- object: tg_delete_list_skill | type: TRIGGER --
-- DROP TRIGGER IF EXISTS tg_delete_list_skill ON sf_schema.list_skill CASCADE;
CREATE TRIGGER tg_delete_list_skill
	BEFORE DELETE 
ON sf_schema.list_skill
	FOR EACH ROW
	EXECUTE PROCEDURE sf_schema.tg_fn_old_list_skill('DELETE');
-- ddl-end --

-- object: sf_schema.tg_fn_new_team | type: FUNCTION --
-- DROP FUNCTION IF EXISTS sf_schema.tg_fn_new_team() CASCADE;
CREATE OR REPLACE FUNCTION sf_schema.tg_fn_new_team ()
RETURNS trigger AS '
DECLARE 
    arg_value varchar;
BEGIN
    arg_value := TG_ARGV[0];

INSERT INTO sf_schema.hist_team (id, 
       name,
       comment,
       is_deleted,
       action_date, action_user, action_taken) 
       VALUES (NEW.id, 
       NEW.name,
       NEW.comment,
       NEW.is_deleted,
       NOW(), user, arg_value);
       RETURN NEW;
END;
'
LANGUAGE 'plpgsql';
-- ddl-end --
ALTER FUNCTION sf_schema.tg_fn_new_team() OWNER TO current_user;
-- ddl-end --

-- object: sf_schema.tg_fn_old_team | type: FUNCTION --
-- DROP FUNCTION IF EXISTS sf_schema.tg_fn_old_team() CASCADE;
CREATE OR REPLACE FUNCTION sf_schema.tg_fn_old_team ()
RETURNS trigger AS '
DECLARE 
    arg_value varchar;
BEGIN
    arg_value := TG_ARGV[0];

INSERT INTO sf_schema.hist_team (id, 
       name,
       comment,
       is_deleted,
       action_date, action_user, action_taken) 
       VALUES (OLD.id, 
       OLD.name,
       OLD.comment,
       OLD.is_deleted,
       NOW(), user, arg_value);
       RETURN OLD;
END;
'
LANGUAGE 'plpgsql';
-- ddl-end --
ALTER FUNCTION sf_schema.tg_fn_old_team() OWNER TO current_user;
-- ddl-end --

-- object: tg_insert_team | type: TRIGGER --
-- DROP TRIGGER IF EXISTS tg_insert_team ON sf_schema.team CASCADE;
CREATE TRIGGER tg_insert_team
	BEFORE INSERT 
ON sf_schema.team
	FOR EACH ROW
	EXECUTE PROCEDURE sf_schema.tg_fn_new_team('INSERT');
-- ddl-end --

-- object: tg_update_team | type: TRIGGER --
-- DROP TRIGGER IF EXISTS tg_update_team ON sf_schema.team CASCADE;
CREATE TRIGGER tg_update_team
	BEFORE UPDATE
ON sf_schema.team
	FOR EACH ROW
	EXECUTE PROCEDURE sf_schema.tg_fn_new_team('UPDATE');
-- ddl-end --

-- object: tg_delete_team | type: TRIGGER --
-- DROP TRIGGER IF EXISTS tg_delete_team ON sf_schema.team CASCADE;
CREATE TRIGGER tg_delete_team
	BEFORE DELETE 
ON sf_schema.team
	FOR EACH ROW
	EXECUTE PROCEDURE sf_schema.tg_fn_old_team('DELETE');
-- ddl-end --

-- object: sf_schema.tg_fn_new_contact | type: FUNCTION --
-- DROP FUNCTION IF EXISTS sf_schema.tg_fn_new_contact() CASCADE;
CREATE OR REPLACE FUNCTION sf_schema.tg_fn_new_contact ()
RETURNS trigger AS '
DECLARE 
    arg_value varchar;
BEGIN
    arg_value := TG_ARGV[0];

INSERT INTO sf_schema.hist_contact (id, 
       address_ln1,
       address_ln2,
       city,
       region_id,
       phone,
       email,
       preferred_contact,
       postal_code,
       comment,
       is_deleted,
       action_date, action_user, action_taken) 
       VALUES (NEW.id, 
       NEW.address_ln1,
       NEW.address_ln2,
       NEW.city,
       NEW.region_id,
       NEW.phone,
       NEW.email,
       NEW.preferred_contact,
       NEW.postal_code,
       NEW.comment,
       NEW.is_deleted,
       NOW(), user, arg_value);
       RETURN NEW;
END;
'
LANGUAGE 'plpgsql';
-- ddl-end --
ALTER FUNCTION sf_schema.tg_fn_new_contact() OWNER TO current_user;
-- ddl-end --

-- object: sf_schema.tg_fn_old_contact | type: FUNCTION --
-- DROP FUNCTION IF EXISTS sf_schema.tg_fn_old_contact() CASCADE;
CREATE OR REPLACE FUNCTION sf_schema.tg_fn_old_contact ()
RETURNS trigger AS '
DECLARE 
    arg_value varchar;
BEGIN
    arg_value := TG_ARGV[0];

INSERT INTO sf_schema.hist_contact (id, 
       address_ln1,
       address_ln2,
       city,
       region_id,
       phone,
       email,
       preferred_contact,
       postal_code,
       comment,
       is_deleted,
       action_date, action_user, action_taken) 
       VALUES (OLD.id, 
       OLD.address_ln1,
       OLD.address_ln2,
       OLD.city,
       OLD.region_id,
       OLD.phone,
       OLD.email,
       OLD.preferred_contact,
       OLD.postal_code,
       OLD.comment,
       OLD.is_deleted,
       NOW(), user, arg_value);
       RETURN OLD;
END;
'
LANGUAGE 'plpgsql';
-- ddl-end --
ALTER FUNCTION sf_schema.tg_fn_old_contact() OWNER TO current_user;
-- ddl-end --

-- object: tg_insert_contact | type: TRIGGER --
-- DROP TRIGGER IF EXISTS tg_insert_contact ON sf_schema.contact CASCADE;
CREATE TRIGGER tg_insert_contact
	BEFORE INSERT 
ON sf_schema.contact
	FOR EACH ROW
	EXECUTE PROCEDURE sf_schema.tg_fn_new_contact('INSERT');
-- ddl-end --

-- object: tg_update_contact | type: TRIGGER --
-- DROP TRIGGER IF EXISTS tg_update_contact ON sf_schema.contact CASCADE;
CREATE TRIGGER tg_update_contact
	BEFORE UPDATE
ON sf_schema.contact
	FOR EACH ROW
	EXECUTE PROCEDURE sf_schema.tg_fn_new_contact('UPDATE');
-- ddl-end --

-- object: tg_delete_contact | type: TRIGGER --
-- DROP TRIGGER IF EXISTS tg_delete_contact ON sf_schema.contact CASCADE;
CREATE TRIGGER tg_delete_contact
	BEFORE DELETE 
ON sf_schema.contact
	FOR EACH ROW
	EXECUTE PROCEDURE sf_schema.tg_fn_old_contact('DELETE');
-- ddl-end --

-- object: sf_schema.tg_fn_new_customer | type: FUNCTION --
-- DROP FUNCTION IF EXISTS sf_schema.tg_fn_new_customer() CASCADE;
CREATE OR REPLACE FUNCTION sf_schema.tg_fn_new_customer ()
RETURNS trigger AS '
DECLARE 
    arg_value varchar;
BEGIN
    arg_value := TG_ARGV[0];

INSERT INTO sf_schema.hist_customer (id, 
       name,
       contact_id,
       comment,
       is_deleted,
       action_date, action_user, action_taken) 
       VALUES (NEW.id, 
       NEW.name,
       NEW.contact_id,
       NEW.comment,
       NEW.is_deleted,
       NOW(), user, arg_value);
       RETURN NEW;
END;
'
LANGUAGE 'plpgsql';
-- ddl-end --
ALTER FUNCTION sf_schema.tg_fn_new_customer() OWNER TO current_user;
-- ddl-end --

-- object: sf_schema.tg_fn_old_customer | type: FUNCTION --
-- DROP FUNCTION IF EXISTS sf_schema.tg_fn_old_customer() CASCADE;
CREATE OR REPLACE FUNCTION sf_schema.tg_fn_old_customer ()
RETURNS trigger AS '
DECLARE 
    arg_value varchar;
BEGIN
    arg_value := TG_ARGV[0];

INSERT INTO sf_schema.hist_customer (id, 
       name,
       contact_id,
       comment,
       is_deleted,
       action_date, action_user, action_taken) 
       VALUES (OLD.id, 
       OLD.name,
       OLD.contact_id,
       OLD.comment,
       OLD.is_deleted,
       NOW(), user, arg_value);
       RETURN OLD;
END;
'
LANGUAGE 'plpgsql';
-- ddl-end --
ALTER FUNCTION sf_schema.tg_fn_old_customer() OWNER TO current_user;
-- ddl-end --

-- object: tg_insert_customer | type: TRIGGER --
-- DROP TRIGGER IF EXISTS tg_insert_customer ON sf_schema.customer CASCADE;
CREATE TRIGGER tg_insert_customer
	BEFORE INSERT 
ON sf_schema.customer
	FOR EACH ROW
	EXECUTE PROCEDURE sf_schema.tg_fn_new_customer('INSERT');
-- ddl-end --

-- object: tg_update_customer | type: TRIGGER --
-- DROP TRIGGER IF EXISTS tg_update_customer ON sf_schema.customer CASCADE;
CREATE TRIGGER tg_update_customer
	BEFORE UPDATE
ON sf_schema.customer
	FOR EACH ROW
	EXECUTE PROCEDURE sf_schema.tg_fn_new_customer('UPDATE');
-- ddl-end --

-- object: tg_delete_customer | type: TRIGGER --
-- DROP TRIGGER IF EXISTS tg_delete_customer ON sf_schema.customer CASCADE;
CREATE TRIGGER tg_delete_customer
	BEFORE DELETE 
ON sf_schema.customer
	FOR EACH ROW
	EXECUTE PROCEDURE sf_schema.tg_fn_old_customer('DELETE');
-- ddl-end --

-- object: sf_schema.tg_fn_new_person | type: FUNCTION --
-- DROP FUNCTION IF EXISTS sf_schema.tg_fn_new_person() CASCADE;
CREATE OR REPLACE FUNCTION sf_schema.tg_fn_new_person ()
RETURNS trigger AS '
DECLARE 
    arg_value varchar;
BEGIN
    arg_value := TG_ARGV[0];

INSERT INTO sf_schema.hist_person (id, 
       f_name,
       m_name,
       l_name,
       primary_skill_id,
       comment,
       contact_id,
       cost,
       is_deleted,
       action_date, action_user, action_taken) 
       VALUES (NEW.id, 
       NEW.f_name,
       NEW.m_name,
       NEW.l_name,
       NEW.primary_skill_id,
       NEW.comment,
       NEW.contact_id,
       NEW.cost,
       NEW.is_deleted,
       NOW(), user, arg_value);
       RETURN NEW;
END;
'
LANGUAGE 'plpgsql';
-- ddl-end --
ALTER FUNCTION sf_schema.tg_fn_new_person() OWNER TO current_user;
-- ddl-end --

-- object: sf_schema.tg_fn_old_person | type: FUNCTION --
-- DROP FUNCTION IF EXISTS sf_schema.tg_fn_old_person() CASCADE;
CREATE OR REPLACE FUNCTION sf_schema.tg_fn_old_person ()
RETURNS trigger AS '
DECLARE 
    arg_value varchar;
BEGIN
    arg_value := TG_ARGV[0];

INSERT INTO sf_schema.hist_person (id, 
       f_name,
       m_name,
       l_name,
       primary_skill_id,
       comment,
       contact_id,
       cost,
       is_deleted,
       action_date, action_user, action_taken) 
       VALUES (OLD.id, 
       OLD.f_name,
       OLD.m_name,
       OLD.l_name,
       OLD.primary_skill_id,
       OLD.comment,
       OLD.contact_id,
       OLD.cost,
       OLD.is_deleted,
       NOW(), user, arg_value);
       RETURN OLD;
END;
'
LANGUAGE 'plpgsql';
-- ddl-end --
ALTER FUNCTION sf_schema.tg_fn_old_person() OWNER TO current_user;
-- ddl-end --

-- object: tg_insert_person | type: TRIGGER --
-- DROP TRIGGER IF EXISTS tg_insert_person ON sf_schema.person CASCADE;
CREATE TRIGGER tg_insert_person
	BEFORE INSERT 
ON sf_schema.person
	FOR EACH ROW
	EXECUTE PROCEDURE sf_schema.tg_fn_new_person('INSERT');
-- ddl-end --

-- object: tg_update_person | type: TRIGGER --
-- DROP TRIGGER IF EXISTS tg_update_person ON sf_schema.person CASCADE;
CREATE TRIGGER tg_update_person
	BEFORE UPDATE
ON sf_schema.person
	FOR EACH ROW
	EXECUTE PROCEDURE sf_schema.tg_fn_new_person('UPDATE');
-- ddl-end --

-- object: tg_delete_person | type: TRIGGER --
-- DROP TRIGGER IF EXISTS tg_delete_person ON sf_schema.person CASCADE;
CREATE TRIGGER tg_delete_person
	BEFORE DELETE 
ON sf_schema.person
	FOR EACH ROW
	EXECUTE PROCEDURE sf_schema.tg_fn_old_person('DELETE');
-- ddl-end --

-- object: sf_schema.tg_fn_new_xref_person_role | type: FUNCTION --
-- DROP FUNCTION IF EXISTS sf_schema.tg_fn_new_xref_person_role() CASCADE;
CREATE OR REPLACE FUNCTION sf_schema.tg_fn_new_xref_person_role ()
RETURNS trigger AS '
DECLARE 
    arg_value varchar;
BEGIN
    arg_value := TG_ARGV[0];

INSERT INTO sf_schema.hist_xref_person_role (person_id, 
       list_role_id,
       date_created,
       comment,
       is_deleted,
       action_date, action_user, action_taken) 
       VALUES (NEW.person_id, 
       NEW.list_role_id,
       NEW.date_created,
       NEW.comment,
       NEW.is_deleted,
       NOW(), user, arg_value);
       RETURN NEW;
END;
'
LANGUAGE 'plpgsql';
-- ddl-end --
ALTER FUNCTION sf_schema.tg_fn_new_xref_person_role() OWNER TO current_user;
-- ddl-end --

-- object: sf_schema.tg_fn_old_xref_person_role | type: FUNCTION --
-- DROP FUNCTION IF EXISTS sf_schema.tg_fn_old_xref_person_role() CASCADE;
CREATE OR REPLACE FUNCTION sf_schema.tg_fn_old_xref_person_role ()
RETURNS trigger AS '
DECLARE 
    arg_value varchar;
BEGIN
    arg_value := TG_ARGV[0];

INSERT INTO sf_schema.hist_xref_person_role (person_id, 
       list_role_id,
       date_created,
       comment,
       is_deleted,
       action_date, action_user, action_taken) 
       VALUES (OLD.person_id, 
       OLD.list_role_id,
       OLD.date_created,
       OLD.comment,
       OLD.is_deleted,
       NOW(), user, arg_value);
       RETURN OLD;
END;
'
LANGUAGE 'plpgsql';
-- ddl-end --
ALTER FUNCTION sf_schema.tg_fn_old_xref_person_role() OWNER TO current_user;
-- ddl-end --

-- object: tg_insert_xref_person_role | type: TRIGGER --
-- DROP TRIGGER IF EXISTS tg_insert_xref_person_role ON sf_schema.xref_person_role CASCADE;
CREATE TRIGGER tg_insert_xref_person_role
	BEFORE INSERT 
ON sf_schema.xref_person_role
	FOR EACH ROW
	EXECUTE PROCEDURE sf_schema.tg_fn_new_xref_person_role('INSERT');
-- ddl-end --

-- object: tg_update_xref_person_role | type: TRIGGER --
-- DROP TRIGGER IF EXISTS tg_update_xref_person_role ON sf_schema.xref_person_role CASCADE;
CREATE TRIGGER tg_update_xref_person_role
	BEFORE UPDATE
ON sf_schema.xref_person_role
	FOR EACH ROW
	EXECUTE PROCEDURE sf_schema.tg_fn_new_xref_person_role('UPDATE');
-- ddl-end --

-- object: tg_delete_xref_person_role | type: TRIGGER --
-- DROP TRIGGER IF EXISTS tg_delete_xref_person_role ON sf_schema.xref_person_role CASCADE;
CREATE TRIGGER tg_delete_xref_person_role
	BEFORE DELETE 
ON sf_schema.xref_person_role
	FOR EACH ROW
	EXECUTE PROCEDURE sf_schema.tg_fn_old_xref_person_role('DELETE');
-- ddl-end --

-- object: sf_schema.tg_fn_new_xref_person_skill | type: FUNCTION --
-- DROP FUNCTION IF EXISTS sf_schema.tg_fn_new_xref_person_skill() CASCADE;
CREATE OR REPLACE FUNCTION sf_schema.tg_fn_new_xref_person_skill ()
RETURNS trigger AS '
DECLARE
    arg_value varchar;
    BEGIN
    arg_value := TG_ARGV[0];

    INSERT INTO sf_schema.hist_xref_person_skill (person_id,
    list_skill_id,
    date_acquired,
    skill_level,
    years_experience,
    awards,
    comment,
    is_deleted,
    action_date, action_user, action_taken)
    VALUES (NEW.person_id,
    NEW.list_skill_id,
    NEW.date_acquired,
    NEW.skill_level,
    NEW.years_experience,
    NEW.awards,
    NEW.comment,
    NEW.is_deleted,
    NOW(), user, arg_value);
    RETURN NEW;
    END;
'
LANGUAGE 'plpgsql';
-- ddl-end --
ALTER FUNCTION sf_schema.tg_fn_new_xref_person_skill() OWNER TO current_user;
-- ddl-end --

-- object: sf_schema.tg_fn_old_xref_person_skill | type: FUNCTION --
-- DROP FUNCTION IF EXISTS sf_schema.tg_fn_old_xref_person_skill() CASCADE;
CREATE OR REPLACE FUNCTION sf_schema.tg_fn_old_xref_person_skill ()
RETURNS trigger AS '
DECLARE
    arg_value varchar;
    BEGIN
    arg_value := TG_ARGV[0];

    INSERT INTO sf_schema.hist_xref_person_skill (person_id,
    list_skill_id,
    date_acquired,
    skill_level,
    years_experience,
    awards,
    comment,
    is_deleted,
    action_date, action_user, action_taken)
    VALUES (OLD.person_id,
    OLD.list_skill_id,
    OLD.date_acquired,
    OLD.skill_level,
    OLD.years_experience,
    OLD.awards,
    OLD.comment,
    OLD.is_deleted,
    NOW(), user, arg_value);
    RETURN OLD;
    END;
'
LANGUAGE 'plpgsql';
-- ddl-end --
ALTER FUNCTION sf_schema.tg_fn_old_xref_person_skill() OWNER TO current_user;
-- ddl-end --

-- object: tg_insert_xref_person_skill | type: TRIGGER --
-- DROP TRIGGER IF EXISTS tg_insert_xref_person_skill ON sf_schema.xref_person_skill CASCADE;
CREATE TRIGGER tg_insert_xref_person_skill
	BEFORE INSERT 
ON sf_schema.xref_person_skill
	FOR EACH ROW
	EXECUTE PROCEDURE sf_schema.tg_fn_new_xref_person_skill('INSERT');
-- ddl-end --

-- object: tg_update_xref_person_skill | type: TRIGGER --
-- DROP TRIGGER IF EXISTS tg_update_xref_person_skill ON sf_schema.xref_person_skill CASCADE;
CREATE TRIGGER tg_update_xref_person_skill
	BEFORE UPDATE
ON sf_schema.xref_person_skill
	FOR EACH ROW
	EXECUTE PROCEDURE sf_schema.tg_fn_new_xref_person_skill('UPDATE');
-- ddl-end --

-- object: tg_delete_xref_person_skill | type: TRIGGER --
-- DROP TRIGGER IF EXISTS tg_delete_xref_person_skill ON sf_schema.xref_person_skill CASCADE;
CREATE TRIGGER tg_delete_xref_person_skill
	BEFORE DELETE 
ON sf_schema.xref_person_skill
	FOR EACH ROW
	EXECUTE PROCEDURE sf_schema.tg_fn_old_xref_person_skill('DELETE');
-- ddl-end --

-- object: sf_schema.tg_fn_new_xref_program_customer | type: FUNCTION --
-- DROP FUNCTION IF EXISTS sf_schema.tg_fn_new_xref_program_customer() CASCADE;
CREATE OR REPLACE FUNCTION sf_schema.tg_fn_new_xref_program_customer ()
RETURNS trigger AS '
DECLARE 
    arg_value varchar;
BEGIN
    arg_value := TG_ARGV[0];

INSERT INTO sf_schema.hist_xref_program_customer (program_id, 
       customer_id,
       funding_line,
       is_deleted,
       action_date, action_user, action_taken) 
       VALUES (NEW.program_id, 
       NEW.customer_id,
       NEW.funding_line,
       NEW.is_deleted,
       NOW(), user, arg_value);
       RETURN NEW;
END;
'
LANGUAGE 'plpgsql';
-- ddl-end --
ALTER FUNCTION sf_schema.tg_fn_new_xref_program_customer() OWNER TO current_user;
-- ddl-end --

-- object: sf_schema.tg_fn_old_xref_program_customer | type: FUNCTION --
-- DROP FUNCTION IF EXISTS sf_schema.tg_fn_old_xref_program_customer() CASCADE;
CREATE OR REPLACE FUNCTION sf_schema.tg_fn_old_xref_program_customer ()
RETURNS trigger AS '
DECLARE 
    arg_value varchar;
BEGIN
    arg_value := TG_ARGV[0];

INSERT INTO sf_schema.hist_xref_program_customer (program_id, 
       customer_id,
       funding_line,
       is_deleted,
       action_date, action_user, action_taken) 
       VALUES (OLD.program_id, 
       OLD.customer_id,
       OLD.funding_line,
       OLD.is_deleted,
       NOW(), user, arg_value);
       RETURN OLD;
END;
'
LANGUAGE 'plpgsql';
-- ddl-end --
ALTER FUNCTION sf_schema.tg_fn_old_xref_program_customer() OWNER TO current_user;
-- ddl-end --

-- object: tg_insert_xref_program_customer | type: TRIGGER --
-- DROP TRIGGER IF EXISTS tg_insert_xref_program_customer ON sf_schema.xref_program_customer CASCADE;
CREATE TRIGGER tg_insert_xref_program_customer
	BEFORE INSERT 
ON sf_schema.xref_program_customer
	FOR EACH ROW
	EXECUTE PROCEDURE sf_schema.tg_fn_new_xref_program_customer('INSERT');
-- ddl-end --

-- object: tg_update_xref_program_customer | type: TRIGGER --
-- DROP TRIGGER IF EXISTS tg_update_xref_program_customer ON sf_schema.xref_program_customer CASCADE;
CREATE TRIGGER tg_update_xref_program_customer
	BEFORE UPDATE
ON sf_schema.xref_program_customer
	FOR EACH ROW
	EXECUTE PROCEDURE sf_schema.tg_fn_new_xref_program_customer('UPDATE');
-- ddl-end --

-- object: tg_delete_xref_program_customer | type: TRIGGER --
-- DROP TRIGGER IF EXISTS tg_delete_xref_program_customer ON sf_schema.xref_program_customer CASCADE;
CREATE TRIGGER tg_delete_xref_program_customer
	BEFORE DELETE 
ON sf_schema.xref_program_customer
	FOR EACH ROW
	EXECUTE PROCEDURE sf_schema.tg_fn_old_xref_program_customer('DELETE');
-- ddl-end --

-- object: sf_schema.tg_fn_new_xref_release_project | type: FUNCTION --
-- DROP FUNCTION IF EXISTS sf_schema.tg_fn_new_xref_release_project() CASCADE;
CREATE OR REPLACE FUNCTION sf_schema.tg_fn_new_xref_release_project ()
RETURNS trigger AS '
DECLARE 
    arg_value varchar;
BEGIN
    arg_value := TG_ARGV[0];

INSERT INTO sf_schema.hist_xref_release_project (project_id, 
       release_id,
       comment,
       is_deleted,
       action_date, action_user, action_taken) 
       VALUES (NEW.project_id, 
       NEW.release_id,
       NEW.comment,
       NEW.is_deleted,
       NOW(), user, arg_value);
       RETURN NEW;
END;
'
LANGUAGE 'plpgsql';
-- ddl-end --
ALTER FUNCTION sf_schema.tg_fn_new_xref_release_project() OWNER TO current_user;
-- ddl-end --

-- object: sf_schema.tg_fn_old_xref_release_project | type: FUNCTION --
-- DROP FUNCTION IF EXISTS sf_schema.tg_fn_old_xref_release_project() CASCADE;
CREATE OR REPLACE FUNCTION sf_schema.tg_fn_old_xref_release_project ()
RETURNS trigger AS '
DECLARE 
    arg_value varchar;
BEGIN
    arg_value := TG_ARGV[0];

INSERT INTO sf_schema.hist_xref_release_project (project_id, 
       release_id,
       comment,
       is_deleted,
       action_date, action_user, action_taken) 
       VALUES (OLD.project_id, 
       OLD.release_id,
       OLD.comment,
       OLD.is_deleted,
       NOW(), user, arg_value);
       RETURN OLD;
END;
'
LANGUAGE 'plpgsql';
-- ddl-end --
ALTER FUNCTION sf_schema.tg_fn_old_xref_release_project() OWNER TO current_user;
-- ddl-end --

-- object: tg_insert_xref_release_project | type: TRIGGER --
-- DROP TRIGGER IF EXISTS tg_insert_xref_release_project ON sf_schema.xref_release_project CASCADE;
CREATE TRIGGER tg_insert_xref_release_project
	BEFORE INSERT 
ON sf_schema.xref_release_project
	FOR EACH ROW
	EXECUTE PROCEDURE sf_schema.tg_fn_new_xref_release_project('INSERT');
-- ddl-end --

-- object: tg_update_xref_release_project | type: TRIGGER --
-- DROP TRIGGER IF EXISTS tg_update_xref_release_project ON sf_schema.xref_release_project CASCADE;
CREATE TRIGGER tg_update_xref_release_project
	BEFORE UPDATE
ON sf_schema.xref_release_project
	FOR EACH ROW
	EXECUTE PROCEDURE sf_schema.tg_fn_new_xref_release_project('UPDATE');
-- ddl-end --

-- object: tg_delete_xref_release_project | type: TRIGGER --
-- DROP TRIGGER IF EXISTS tg_delete_xref_release_project ON sf_schema.xref_release_project CASCADE;
CREATE TRIGGER tg_delete_xref_release_project
	BEFORE DELETE 
ON sf_schema.xref_release_project
	FOR EACH ROW
	EXECUTE PROCEDURE sf_schema.tg_fn_old_xref_release_project('DELETE');
-- ddl-end --

-- object: sf_schema.tg_fn_new_xref_tool_project | type: FUNCTION --
-- DROP FUNCTION IF EXISTS sf_schema.tg_fn_new_xref_tool_project() CASCADE;
CREATE OR REPLACE FUNCTION sf_schema.tg_fn_new_xref_tool_project ()
RETURNS trigger AS '
DECLARE 
    arg_value varchar;
BEGIN
    arg_value := TG_ARGV[0];

INSERT INTO sf_schema.hist_xref_tool_project (project_id, 
       list_tool_id,
       date_associated,
       is_deleted,
       action_date, action_user, action_taken) 
       VALUES (NEW.project_id, 
       NEW.list_tool_id,
       NEW.date_associated,
       NEW.is_deleted,
       NOW(), user, arg_value);
       RETURN NEW;
END;
'
LANGUAGE 'plpgsql';
-- ddl-end --
ALTER FUNCTION sf_schema.tg_fn_new_xref_tool_project() OWNER TO current_user;
-- ddl-end --

-- object: sf_schema.tg_fn_old_xref_tool_project | type: FUNCTION --
-- DROP FUNCTION IF EXISTS sf_schema.tg_fn_old_xref_tool_project() CASCADE;
CREATE OR REPLACE FUNCTION sf_schema.tg_fn_old_xref_tool_project ()
RETURNS trigger AS '
DECLARE 
    arg_value varchar;
BEGIN
    arg_value := TG_ARGV[0];

INSERT INTO sf_schema.hist_xref_tool_project (project_id, 
       list_tool_id,
       date_associated,
       is_deleted,
       action_date, action_user, action_taken) 
       VALUES (OLD.project_id, 
       OLD.list_tool_id,
       OLD.date_associated,
       OLD.is_deleted,
       NOW(), user, arg_value);
       RETURN OLD;
END;
'
LANGUAGE 'plpgsql';
-- ddl-end --
ALTER FUNCTION sf_schema.tg_fn_old_xref_tool_project() OWNER TO current_user;
-- ddl-end --

-- object: tg_insert_xref_tool_project | type: TRIGGER --
-- DROP TRIGGER IF EXISTS tg_insert_xref_tool_project ON sf_schema.xref_tool_project CASCADE;
CREATE TRIGGER tg_insert_xref_tool_project
	BEFORE INSERT 
ON sf_schema.xref_tool_project
	FOR EACH ROW
	EXECUTE PROCEDURE sf_schema.tg_fn_new_xref_tool_project('INSERT');
-- ddl-end --

-- object: tg_update_xref_tool_project | type: TRIGGER --
-- DROP TRIGGER IF EXISTS tg_update_xref_tool_project ON sf_schema.xref_tool_project CASCADE;
CREATE TRIGGER tg_update_xref_tool_project
	BEFORE UPDATE
ON sf_schema.xref_tool_project
	FOR EACH ROW
	EXECUTE PROCEDURE sf_schema.tg_fn_new_xref_tool_project('UPDATE');
-- ddl-end --

-- object: tg_delete_xref_tool_project | type: TRIGGER --
-- DROP TRIGGER IF EXISTS tg_delete_xref_tool_project ON sf_schema.xref_tool_project CASCADE;
CREATE TRIGGER tg_delete_xref_tool_project
	BEFORE DELETE 
ON sf_schema.xref_tool_project
	FOR EACH ROW
	EXECUTE PROCEDURE sf_schema.tg_fn_old_xref_tool_project('DELETE');
-- ddl-end --

-- object: sf_schema.tg_fn_new_xref_customer_person | type: FUNCTION --
-- DROP FUNCTION IF EXISTS sf_schema.tg_fn_new_xref_customer_person() CASCADE;
CREATE OR REPLACE FUNCTION sf_schema.tg_fn_new_xref_customer_person ()
RETURNS trigger AS '
DECLARE 
    arg_value varchar;
BEGIN
    arg_value := TG_ARGV[0];

INSERT INTO sf_schema.hist_xref_customer_person (customer_id, 
       person_id,
       comment,
       is_deleted,
       action_date, action_user, action_taken) 
       VALUES (NEW.customer_id, 
       NEW.person_id,
       NEW.comment,
       NEW.is_deleted,
       NOW(), user, arg_value);
       RETURN NEW;
END;
'
LANGUAGE 'plpgsql';
-- ddl-end --
ALTER FUNCTION sf_schema.tg_fn_new_xref_customer_person() OWNER TO current_user;
-- ddl-end --

-- object: sf_schema.tg_fn_old_xref_customer_person | type: FUNCTION --
-- DROP FUNCTION IF EXISTS sf_schema.tg_fn_old_xref_customer_person() CASCADE;
CREATE OR REPLACE FUNCTION sf_schema.tg_fn_old_xref_customer_person ()
RETURNS trigger AS '
DECLARE 
    arg_value varchar;
BEGIN
    arg_value := TG_ARGV[0];

INSERT INTO sf_schema.hist_xref_customer_person (customer_id, 
       person_id,
       comment,
       is_deleted,
       action_date, action_user, action_taken) 
       VALUES (OLD.customer_id, 
       OLD.person_id,
       OLD.comment,
       OLD.is_deleted,
       NOW(), user, arg_value);
       RETURN OLD;
END;
'
LANGUAGE 'plpgsql';
-- ddl-end --
ALTER FUNCTION sf_schema.tg_fn_old_xref_customer_person() OWNER TO current_user;
-- ddl-end --

-- object: tg_insert_xref_customer_person | type: TRIGGER --
-- DROP TRIGGER IF EXISTS tg_insert_xref_customer_person ON sf_schema.xref_customer_person CASCADE;
CREATE TRIGGER tg_insert_xref_customer_person
	BEFORE INSERT 
ON sf_schema.xref_customer_person
	FOR EACH ROW
	EXECUTE PROCEDURE sf_schema.tg_fn_new_xref_customer_person('INSERT');
-- ddl-end --

-- object: tg_update_xref_customer_person | type: TRIGGER --
-- DROP TRIGGER IF EXISTS tg_update_xref_customer_person ON sf_schema.xref_customer_person CASCADE;
CREATE TRIGGER tg_update_xref_customer_person
	BEFORE UPDATE
ON sf_schema.xref_customer_person
	FOR EACH ROW
	EXECUTE PROCEDURE sf_schema.tg_fn_new_xref_customer_person('UPDATE');
-- ddl-end --

-- object: tg_delete_xref_customer_person | type: TRIGGER --
-- DROP TRIGGER IF EXISTS tg_delete_xref_customer_person ON sf_schema.xref_customer_person CASCADE;
CREATE TRIGGER tg_delete_xref_customer_person
	BEFORE DELETE 
ON sf_schema.xref_customer_person
	FOR EACH ROW
	EXECUTE PROCEDURE sf_schema.tg_fn_old_xref_customer_person('DELETE');
-- ddl-end --

-- object: sf_schema.tg_fn_new_xref_dependency_project | type: FUNCTION --
-- DROP FUNCTION IF EXISTS sf_schema.tg_fn_new_xref_dependency_project() CASCADE;
CREATE OR REPLACE FUNCTION sf_schema.tg_fn_new_xref_dependency_project ()
RETURNS trigger AS '
DECLARE 
    arg_value varchar;
BEGIN
    arg_value := TG_ARGV[0];

INSERT INTO sf_schema.hist_xref_dependency_project (dependency_id, 
       project_id,
       comment,
       is_deleted,
       action_date, action_user, action_taken) 
       VALUES (NEW.dependency_id, 
       NEW.project_id,
       NEW.comment,
       NEW.is_deleted,
       NOW(), user, arg_value);
       RETURN NEW;
END;
'
LANGUAGE 'plpgsql';
-- ddl-end --
ALTER FUNCTION sf_schema.tg_fn_new_xref_dependency_project() OWNER TO current_user;
-- ddl-end --

-- object: sf_schema.tg_fn_old_xref_dependency_project | type: FUNCTION --
-- DROP FUNCTION IF EXISTS sf_schema.tg_fn_old_xref_dependency_project() CASCADE;
CREATE OR REPLACE FUNCTION sf_schema.tg_fn_old_xref_dependency_project ()
RETURNS trigger AS '
DECLARE 
    arg_value varchar;
BEGIN
    arg_value := TG_ARGV[0];

INSERT INTO sf_schema.hist_xref_dependency_project (dependency_id, 
       project_id,
       comment,
       is_deleted,
       action_date, action_user, action_taken) 
       VALUES (OLD.dependency_id, 
       OLD.project_id,
       OLD.comment,
       OLD.is_deleted,
       NOW(), user, arg_value);
       RETURN OLD;
END;
'
LANGUAGE 'plpgsql';
-- ddl-end --
ALTER FUNCTION sf_schema.tg_fn_old_xref_dependency_project() OWNER TO current_user;
-- ddl-end --

-- object: tg_insert_xref_dependency_project | type: TRIGGER --
-- DROP TRIGGER IF EXISTS tg_insert_xref_dependency_project ON sf_schema.xref_dependency_project CASCADE;
CREATE TRIGGER tg_insert_xref_dependency_project
	BEFORE INSERT 
ON sf_schema.xref_dependency_project
	FOR EACH ROW
	EXECUTE PROCEDURE sf_schema.tg_fn_new_xref_dependency_project('INSERT');
-- ddl-end --

-- object: tg_update_xref_dependency_project | type: TRIGGER --
-- DROP TRIGGER IF EXISTS tg_update_xref_dependency_project ON sf_schema.xref_dependency_project CASCADE;
CREATE TRIGGER tg_update_xref_dependency_project
	BEFORE UPDATE
ON sf_schema.xref_dependency_project
	FOR EACH ROW
	EXECUTE PROCEDURE sf_schema.tg_fn_new_xref_dependency_project('UPDATE');
-- ddl-end --

-- object: tg_delete_xref_dependency_project | type: TRIGGER --
-- DROP TRIGGER IF EXISTS tg_delete_xref_dependency_project ON sf_schema.xref_dependency_project CASCADE;
CREATE TRIGGER tg_delete_xref_dependency_project
	BEFORE DELETE 
ON sf_schema.xref_dependency_project
	FOR EACH ROW
	EXECUTE PROCEDURE sf_schema.tg_fn_old_xref_dependency_project('DELETE');
-- ddl-end --


-- object: sf_schema.tg_fn_new_xref_project_person_role | type: FUNCTION --
-- DROP FUNCTION IF EXISTS sf_schema.tg_fn_new_xref_project_person_role() CASCADE;
CREATE OR REPLACE FUNCTION sf_schema.tg_fn_new_xref_project_person_role ()
RETURNS trigger AS '
DECLARE 
    arg_value varchar;
BEGIN
    arg_value := TG_ARGV[0];

INSERT INTO sf_schema.hist_xref_project_person_role (project_id, 
       person_id,
       list_role_id,
       date_created,
       date_start,
       date_end,
       is_active,
       percent_usage,
       is_deleted,
       action_date, action_user, action_taken) 
       VALUES (NEW.project_id, 
       NEW.person_id,
       NEW.list_role_id,
       NEW.date_created,
       NEW.date_start,
       NEW.date_end,
       NEW.is_active,
       NEW.percent_usage,
       NEW.is_deleted,
       NOW(), user, arg_value);
       RETURN NEW;
END;
'
LANGUAGE 'plpgsql';
-- ddl-end --
ALTER FUNCTION sf_schema.tg_fn_new_xref_project_person_role() OWNER TO current_user;
-- ddl-end --

-- object: sf_schema.tg_fn_old_xref_project_person_role | type: FUNCTION --
-- DROP FUNCTION IF EXISTS sf_schema.tg_fn_old_xref_project_person_role() CASCADE;
CREATE OR REPLACE FUNCTION sf_schema.tg_fn_old_xref_project_person_role ()
RETURNS trigger AS '
DECLARE 
    arg_value varchar;
BEGIN
    arg_value := TG_ARGV[0];

INSERT INTO sf_schema.hist_xref_project_person_role (project_id, 
       person_id,
       list_role_id,
       date_created,
       date_start,
       date_end,
       is_active,
       percent_usage,
       is_deleted,
       action_date, action_user, action_taken) 
       VALUES (OLD.project_id, 
       OLD.person_id,
       OLD.list_role_id,
       OLD.date_created,
       OLD.date_start,
       OLD.date_end,
       OLD.is_active,
       OLD.percent_usage,
       OLD.is_deleted,
       NOW(), user, arg_value);
       RETURN OLD;
END;
'
LANGUAGE 'plpgsql';
-- ddl-end --
ALTER FUNCTION sf_schema.tg_fn_old_xref_project_person_role() OWNER TO current_user;
-- ddl-end --

-- object: tg_insert_xref_project_person_role | type: TRIGGER --
-- DROP TRIGGER IF EXISTS tg_insert_xref_project_person_role ON sf_schema.xref_project_person_role CASCADE;
CREATE TRIGGER tg_insert_xref_project_person_role
	BEFORE INSERT 
ON sf_schema.xref_project_person_role
	FOR EACH ROW
	EXECUTE PROCEDURE sf_schema.tg_fn_new_xref_project_person_role('INSERT');
-- ddl-end --

-- object: tg_update_xref_project_person_role | type: TRIGGER --
-- DROP TRIGGER IF EXISTS tg_update_xref_project_person_role ON sf_schema.xref_project_person_role CASCADE;
CREATE TRIGGER tg_update_xref_project_person_role
	BEFORE UPDATE
ON sf_schema.xref_project_person_role
	FOR EACH ROW
	EXECUTE PROCEDURE sf_schema.tg_fn_new_xref_project_person_role('UPDATE');
-- ddl-end --

-- object: tg_delete_xref_project_person_role | type: TRIGGER --
-- DROP TRIGGER IF EXISTS tg_delete_xref_project_person_role ON sf_schema.xref_project_person_role CASCADE;
CREATE TRIGGER tg_delete_xref_project_person_role
	BEFORE DELETE 
ON sf_schema.xref_project_person_role
	FOR EACH ROW
	EXECUTE PROCEDURE sf_schema.tg_fn_old_xref_project_person_role('DELETE');
-- ddl-end --

-- object: sf_schema.tg_fn_new_xref_team_person | type: FUNCTION --
-- DROP FUNCTION IF EXISTS sf_schema.tg_fn_new_xref_team_person() CASCADE;
CREATE OR REPLACE FUNCTION sf_schema.tg_fn_new_xref_team_person ()
RETURNS trigger AS '
DECLARE 
    arg_value varchar;
BEGIN
    arg_value := TG_ARGV[0];

INSERT INTO sf_schema.hist_xref_team_person (team_id, 
       person_id,
       comment,
       is_deleted,
       action_date, action_user, action_taken) 
       VALUES (NEW.team_id, 
       NEW.person_id,
       NEW.comment,
       NEW.is_deleted,
       NOW(), user, arg_value);
       RETURN NEW;
END;
'
LANGUAGE 'plpgsql';
-- ddl-end --
ALTER FUNCTION sf_schema.tg_fn_new_xref_team_person() OWNER TO current_user;
-- ddl-end --

-- object: sf_schema.tg_fn_old_xref_team_person | type: FUNCTION --
-- DROP FUNCTION IF EXISTS sf_schema.tg_fn_old_xref_team_person() CASCADE;
CREATE OR REPLACE FUNCTION sf_schema.tg_fn_old_xref_team_person ()
RETURNS trigger AS '
DECLARE 
    arg_value varchar;
BEGIN
    arg_value := TG_ARGV[0];

INSERT INTO sf_schema.hist_xref_team_person (team_id, 
       person_id,
       comment,
       is_deleted,
       action_date, action_user, action_taken) 
       VALUES (OLD.team_id, 
       OLD.person_id,
       OLD.comment,
       OLD.is_deleted,
       NOW(), user, arg_value);
       RETURN OLD;
END;
'
LANGUAGE 'plpgsql';
-- ddl-end --
ALTER FUNCTION sf_schema.tg_fn_old_xref_team_person() OWNER TO current_user;
-- ddl-end --

-- object: tg_insert_xref_team_person | type: TRIGGER --
-- DROP TRIGGER IF EXISTS tg_insert_xref_team_person ON sf_schema.xref_team_person CASCADE;
CREATE TRIGGER tg_insert_xref_team_person
	BEFORE INSERT 
ON sf_schema.xref_team_person
	FOR EACH ROW
	EXECUTE PROCEDURE sf_schema.tg_fn_new_xref_team_person('INSERT');
-- ddl-end --

-- object: tg_update_xref_team_person | type: TRIGGER --
-- DROP TRIGGER IF EXISTS tg_update_xref_team_person ON sf_schema.xref_team_person CASCADE;
CREATE TRIGGER tg_update_xref_team_person
	BEFORE UPDATE
ON sf_schema.xref_team_person
	FOR EACH ROW
	EXECUTE PROCEDURE sf_schema.tg_fn_new_xref_team_person('UPDATE');
-- ddl-end --

-- object: tg_delete_xref_team_person | type: TRIGGER --
-- DROP TRIGGER IF EXISTS tg_delete_xref_team_person ON sf_schema.xref_team_person CASCADE;
CREATE TRIGGER tg_delete_xref_team_person
	BEFORE DELETE 
ON sf_schema.xref_team_person
	FOR EACH ROW
	EXECUTE PROCEDURE sf_schema.tg_fn_old_xref_team_person('DELETE');
-- ddl-end --

-- object: sf_schema.tg_fn_new_xref_project_team | type: FUNCTION --
-- DROP FUNCTION IF EXISTS sf_schema.tg_fn_new_xref_project_team() CASCADE;
CREATE OR REPLACE FUNCTION sf_schema.tg_fn_new_xref_project_team ()
RETURNS trigger AS '
DECLARE 
    arg_value varchar;
BEGIN
    arg_value := TG_ARGV[0];

INSERT INTO sf_schema.hist_xref_project_team (project_id, 
       team_id,
       comment,
       is_deleted,
       action_date, action_user, action_taken) 
       VALUES (NEW.project_id, 
       NEW.team_id,
       NEW.comment,
       NEW.is_deleted,
       NOW(), user, arg_value);
       RETURN NEW;
END;
'
LANGUAGE 'plpgsql';
-- ddl-end --
ALTER FUNCTION sf_schema.tg_fn_new_xref_project_team() OWNER TO current_user;
-- ddl-end --

-- object: sf_schema.tg_fn_old_xref_project_team | type: FUNCTION --
-- DROP FUNCTION IF EXISTS sf_schema.tg_fn_old_xref_project_team() CASCADE;
CREATE OR REPLACE FUNCTION sf_schema.tg_fn_old_xref_project_team ()
RETURNS trigger AS '
DECLARE 
    arg_value varchar;
BEGIN
    arg_value := TG_ARGV[0];

INSERT INTO sf_schema.hist_xref_project_team (project_id, 
       team_id,
       comment,
       is_deleted,
       action_date, action_user, action_taken) 
       VALUES (OLD.project_id, 
       OLD.team_id,
       OLD.comment,
       OLD.is_deleted,
       NOW(), user, arg_value);
       RETURN OLD;
END;
'
LANGUAGE 'plpgsql';
-- ddl-end --
ALTER FUNCTION sf_schema.tg_fn_old_xref_project_team() OWNER TO current_user;
-- ddl-end --

-- object: tg_insert_xref_project_team | type: TRIGGER --
-- DROP TRIGGER IF EXISTS tg_insert_xref_project_team ON sf_schema.xref_project_team CASCADE;
CREATE TRIGGER tg_insert_xref_project_team
	BEFORE INSERT 
ON sf_schema.xref_project_team
	FOR EACH ROW
	EXECUTE PROCEDURE sf_schema.tg_fn_new_xref_project_team('INSERT');
-- ddl-end --

-- object: tg_update_xref_project_team | type: TRIGGER --
-- DROP TRIGGER IF EXISTS tg_update_xref_project_team ON sf_schema.xref_project_team CASCADE;
CREATE TRIGGER tg_update_xref_project_team
	BEFORE UPDATE
ON sf_schema.xref_project_team
	FOR EACH ROW
	EXECUTE PROCEDURE sf_schema.tg_fn_new_xref_project_team('UPDATE');
-- ddl-end --

-- object: tg_delete_xref_project_team | type: TRIGGER --
-- DROP TRIGGER IF EXISTS tg_delete_xref_project_team ON sf_schema.xref_project_team CASCADE;
CREATE TRIGGER tg_delete_xref_project_team
	BEFORE DELETE 
ON sf_schema.xref_project_team
	FOR EACH ROW
	EXECUTE PROCEDURE sf_schema.tg_fn_old_xref_project_team('DELETE');
-- ddl-end --

-- object: sf_ex_schema.tg_fn_new_pwr_bi_main | type: FUNCTION --
-- DROP FUNCTION IF EXISTS sf_ex_schema.tg_fn_new_pwr_bi_main() CASCADE;
CREATE OR REPLACE FUNCTION sf_ex_schema.tg_fn_new_pwr_bi_main ()
RETURNS trigger AS '
DECLARE 
    arg_value varchar;
BEGIN
    arg_value := TG_ARGV[0];

INSERT INTO sf_ex_schema.hist_pwr_bi_main (id, 
       title,
       comment,
       is_deleted,
       action_date, action_user, action_taken) 
       VALUES (NEW.id, 
       NEW.title,
       NEW.comment,
       NEW.is_deleted,
       NOW(), user, arg_value);
       RETURN NEW;
END;
'
LANGUAGE 'plpgsql';
-- ddl-end --
ALTER FUNCTION sf_ex_schema.tg_fn_new_pwr_bi_main() OWNER TO current_user;
-- ddl-end --

-- object: sf_ex_schema.tg_fn_old_pwr_bi_main | type: FUNCTION --
-- DROP FUNCTION IF EXISTS sf_ex_schema.tg_fn_old_pwr_bi_main() CASCADE;
CREATE OR REPLACE FUNCTION sf_ex_schema.tg_fn_old_pwr_bi_main ()
RETURNS trigger AS '
DECLARE 
    arg_value varchar;
BEGIN
    arg_value := TG_ARGV[0];

INSERT INTO sf_ex_schema.hist_pwr_bi_main (id, 
       title,
       comment,
       is_deleted,
       action_date, action_user, action_taken) 
       VALUES (OLD.id, 
       OLD.title,
       OLD.comment,
       OLD.is_deleted,
       NOW(), user, arg_value);
       RETURN OLD;
END;
'
LANGUAGE 'plpgsql';
-- ddl-end --
ALTER FUNCTION sf_ex_schema.tg_fn_old_pwr_bi_main() OWNER TO current_user;
-- ddl-end --

-- object: tg_insert_pwr_bi_main | type: TRIGGER --
-- DROP TRIGGER IF EXISTS tg_insert_pwr_bi_main ON sf_ex_schema.pwr_bi_main CASCADE;
CREATE TRIGGER tg_insert_pwr_bi_main
	BEFORE INSERT 
ON sf_ex_schema.pwr_bi_main
	FOR EACH ROW
	EXECUTE PROCEDURE sf_ex_schema.tg_fn_new_pwr_bi_main('INSERT');
-- ddl-end --

-- object: tg_update_pwr_bi_main | type: TRIGGER --
-- DROP TRIGGER IF EXISTS tg_update_pwr_bi_main ON sf_ex_schema.pwr_bi_main CASCADE;
CREATE TRIGGER tg_update_pwr_bi_main
	BEFORE UPDATE
ON sf_ex_schema.pwr_bi_main
	FOR EACH ROW
	EXECUTE PROCEDURE sf_ex_schema.tg_fn_new_pwr_bi_main('UPDATE');
-- ddl-end --

-- object: tg_delete_pwr_bi_main | type: TRIGGER --
-- DROP TRIGGER IF EXISTS tg_delete_pwr_bi_main ON sf_ex_schema.pwr_bi_main CASCADE;
CREATE TRIGGER tg_delete_pwr_bi_main
	BEFORE DELETE 
ON sf_ex_schema.pwr_bi_main
	FOR EACH ROW
	EXECUTE PROCEDURE sf_ex_schema.tg_fn_old_pwr_bi_main('DELETE');
-- ddl-end --

-- object: sf_schema.tg_fn_new_xref_pwr_bi_main_program | type: FUNCTION --
-- DROP FUNCTION IF EXISTS sf_schema.tg_fn_new_xref_pwr_bi_main_program() CASCADE;
CREATE OR REPLACE FUNCTION sf_schema.tg_fn_new_xref_pwr_bi_main_program ()
RETURNS trigger AS '
DECLARE 
    arg_value varchar;
BEGIN
    arg_value := TG_ARGV[0];

INSERT INTO sf_schema.hist_xref_pwr_bi_main_program (pwr_bi_main_id, 
       program_id,
       comment,
       is_deleted,
       action_date, action_user, action_taken) 
       VALUES (NEW.pwr_bi_main_id, 
       NEW.program_id,
       NEW.comment,
       NEW.is_deleted,
       NOW(), user, arg_value);
       RETURN NEW;
END;
'
LANGUAGE 'plpgsql';
-- ddl-end --
ALTER FUNCTION sf_schema.tg_fn_new_xref_pwr_bi_main_program() OWNER TO current_user;
-- ddl-end --

-- object: sf_schema.tg_fn_old_xref_pwr_bi_main_program | type: FUNCTION --
-- DROP FUNCTION IF EXISTS sf_schema.tg_fn_old_xref_pwr_bi_main_program() CASCADE;
CREATE OR REPLACE FUNCTION sf_schema.tg_fn_old_xref_pwr_bi_main_program ()
RETURNS trigger AS '
DECLARE 
    arg_value varchar;
BEGIN
    arg_value := TG_ARGV[0];

INSERT INTO sf_schema.hist_xref_pwr_bi_main_program (pwr_bi_main_id, 
       program_id,
       comment,
       is_deleted,
       action_date, action_user, action_taken) 
       VALUES (OLD.pwr_bi_main_id, 
       OLD.program_id,
       OLD.comment,
       OLD.is_deleted,
       NOW(), user, arg_value);
       RETURN OLD;
END;
'
LANGUAGE 'plpgsql';

-- ddl-end --
ALTER FUNCTION sf_schema.tg_fn_old_xref_pwr_bi_main_program() OWNER TO current_user;
-- ddl-end --

-- object: tg_insert_xref_pwr_bi_main_program | type: TRIGGER --
-- DROP TRIGGER IF EXISTS tg_insert_xref_pwr_bi_main_program ON sf_schema.xref_pwr_bi_main_program CASCADE;
CREATE TRIGGER tg_insert_xref_pwr_bi_main_program
	BEFORE INSERT 
ON sf_schema.xref_pwr_bi_main_program
	FOR EACH ROW
	EXECUTE PROCEDURE sf_schema.tg_fn_new_xref_pwr_bi_main_program('INSERT');
-- ddl-end --

-- object: tg_update_xref_pwr_bi_main_program | type: TRIGGER --
-- DROP TRIGGER IF EXISTS tg_update_xref_pwr_bi_main_program ON sf_schema.xref_pwr_bi_main_program CASCADE;
CREATE TRIGGER tg_update_xref_pwr_bi_main_program
	BEFORE UPDATE
ON sf_schema.xref_pwr_bi_main_program
	FOR EACH ROW
	EXECUTE PROCEDURE sf_schema.tg_fn_new_xref_pwr_bi_main_program('UPDATE');
-- ddl-end --

-- object: tg_delete_xref_pwr_bi_main_program | type: TRIGGER --
-- DROP TRIGGER IF EXISTS tg_delete_xref_pwr_bi_main_program ON sf_schema.xref_pwr_bi_main_program CASCADE;
CREATE TRIGGER tg_delete_xref_pwr_bi_main_program
	BEFORE DELETE 
ON sf_schema.xref_pwr_bi_main_program
	FOR EACH ROW
	EXECUTE PROCEDURE sf_schema.tg_fn_old_xref_pwr_bi_main_program('DELETE');
-- ddl-end --

-- object: sf_schema.tg_fn_new_xref_ms_project_main_project | type: FUNCTION --
-- DROP FUNCTION IF EXISTS sf_schema.tg_fn_new_xref_ms_project_main_project() CASCADE;
CREATE OR REPLACE FUNCTION sf_schema.tg_fn_new_xref_ms_project_main_project ()
RETURNS trigger AS '
DECLARE 
    arg_value varchar;
BEGIN
    arg_value := TG_ARGV[0];

INSERT INTO sf_schema.hist_xref_ms_project_main_project (ms_project_id, 
       project_id,
       comment,
       is_deleted,
       action_date, action_user, action_taken) 
       VALUES (NEW.ms_project_id, 
       NEW.project_id,
       NEW.comment,
       NEW.is_deleted,
       NOW(), user, arg_value);
       RETURN NEW;
END;
'
LANGUAGE 'plpgsql';
-- ddl-end --
ALTER FUNCTION sf_schema.tg_fn_new_xref_ms_project_main_project() OWNER TO current_user;
-- ddl-end --
-- object: sf_schema.tg_fn_old_xref_ms_project_main_project | type: FUNCTION --
-- DROP FUNCTION IF EXISTS sf_schema.tg_fn_old_xref_ms_project_main_project() CASCADE;
CREATE or replace FUNCTION sf_schema.tg_fn_old_xref_ms_project_main_project ()
RETURNS trigger AS '
DECLARE 
    arg_value varchar;
BEGIN
    arg_value := TG_ARGV[0];

INSERT INTO sf_schema.hist_xref_ms_project_main_project (ms_project_id, 
       project_id,
       comment,
       is_deleted,
       action_date, action_user, action_taken) 
       VALUES (OLD.ms_project_id, 
       OLD.project_id,
       OLD.comment,
       OLD.is_deleted,
       NOW(), user, arg_value);
       RETURN OLD;
END;
'
LANGUAGE 'plpgsql';
-- ddl-end --
ALTER FUNCTION sf_schema.tg_fn_old_xref_ms_project_main_project() OWNER TO current_user;
-- ddl-end --

-- object: tg_insert_xref_ms_project_main_project | type: TRIGGER --
-- DROP TRIGGER IF EXISTS tg_insert_xref_ms_project_main_project ON sf_schema.xref_ms_project_main_project CASCADE;
CREATE TRIGGER tg_insert_xref_ms_project_main_project
	BEFORE INSERT 
ON sf_schema.xref_ms_project_main_project
	FOR EACH ROW
	EXECUTE PROCEDURE sf_schema.tg_fn_new_xref_ms_project_main_project('INSERT');
-- ddl-end --

-- object: tg_update_xref_ms_project_main_project | type: TRIGGER --
-- DROP TRIGGER IF EXISTS tg_update_xref_ms_project_main_project ON sf_schema.xref_ms_project_main_project CASCADE;
CREATE TRIGGER tg_update_xref_ms_project_main_project
	BEFORE UPDATE
ON sf_schema.xref_ms_project_main_project
	FOR EACH ROW
	EXECUTE PROCEDURE sf_schema.tg_fn_new_xref_ms_project_main_project('UPDATE');
-- ddl-end --

-- object: tg_delete_xref_ms_project_main_project | type: TRIGGER --
-- DROP TRIGGER IF EXISTS tg_delete_xref_ms_project_main_project ON sf_schema.xref_ms_project_main_project CASCADE;
CREATE TRIGGER tg_delete_xref_ms_project_main_project
	BEFORE DELETE 
ON sf_schema.xref_ms_project_main_project
	FOR EACH ROW
	EXECUTE PROCEDURE sf_schema.tg_fn_old_xref_ms_project_main_project('DELETE');
-- ddl-end --

-- object: sf_ex_schema.tg_fn_new_ms_project_main | type: FUNCTION --
-- DROP FUNCTION IF EXISTS sf_ex_schema.tg_fn_new_ms_project_main() CASCADE;
CREATE OR REPLACE FUNCTION sf_ex_schema.tg_fn_new_ms_project_main ()
RETURNS trigger AS '
DECLARE 
    arg_value varchar;
BEGIN
    arg_value := TG_ARGV[0];

INSERT INTO sf_ex_schema.hist_ms_project_main (id, 
       title,
       comment,
       is_deleted,
       action_date, action_user, action_taken) 
       VALUES (NEW.id, 
       NEW.title,
       NEW.comment,
       NEW.is_deleted,
       NOW(), user, arg_value);
       RETURN NEW;
END;
'
LANGUAGE 'plpgsql';
-- ddl-end --
ALTER FUNCTION sf_ex_schema.tg_fn_new_ms_project_main() OWNER TO current_user;
-- ddl-end --

-- object: sf_ex_schema.tg_fn_old_ms_project_main | type: FUNCTION --
-- DROP FUNCTION IF EXISTS sf_ex_schema.tg_fn_old_ms_project_main() CASCADE;
CREATE OR REPLACE FUNCTION sf_ex_schema.tg_fn_old_ms_project_main ()
RETURNS trigger AS '
DECLARE 
    arg_value varchar;
BEGIN
    arg_value := TG_ARGV[0];

INSERT INTO sf_ex_schema.hist_ms_project_main (id, 
       title,
       comment,
       is_deleted,
       action_date, action_user, action_taken) 
       VALUES (OLD.id, 
       OLD.title,
       OLD.comment,
       OLD.is_deleted,
       NOW(), user, arg_value);
       RETURN OLD;
END;
'
LANGUAGE 'plpgsql';
-- ddl-end --
ALTER FUNCTION sf_ex_schema.tg_fn_old_ms_project_main() OWNER TO current_user;
-- ddl-end --

-- object: tg_insert_ms_project_main | type: TRIGGER --
-- DROP TRIGGER IF EXISTS tg_insert_ms_project_main ON sf_ex_schema.ms_project_main CASCADE;
CREATE TRIGGER tg_insert_ms_project_main
	BEFORE INSERT 
ON sf_ex_schema.ms_project_main
	FOR EACH ROW
	EXECUTE PROCEDURE sf_ex_schema.tg_fn_new_ms_project_main('INSERT');
-- ddl-end --

-- object: tg_update_ms_project_main | type: TRIGGER --
-- DROP TRIGGER IF EXISTS tg_update_ms_project_main ON sf_ex_schema.ms_project_main CASCADE;
CREATE TRIGGER tg_update_ms_project_main
	BEFORE UPDATE
ON sf_ex_schema.ms_project_main
	FOR EACH ROW
	EXECUTE PROCEDURE sf_ex_schema.tg_fn_new_ms_project_main('UPDATE');
-- ddl-end --

-- object: tg_delete_ms_project_main | type: TRIGGER --
-- DROP TRIGGER IF EXISTS tg_delete_ms_project_main ON sf_ex_schema.ms_project_main CASCADE;
CREATE TRIGGER tg_delete_ms_project_main
	BEFORE DELETE 
ON sf_ex_schema.ms_project_main
	FOR EACH ROW
	EXECUTE PROCEDURE sf_ex_schema.tg_fn_old_ms_project_main('DELETE');
-- ddl-end --




/*****************************/
/* default insert statements */
/*****************************/
Insert into sf_schema.list_region(id, name) values(1, 'Alabama');
Insert into sf_schema.list_region(id, name) values(2, 'Alaska');
Insert into sf_schema.list_region(id, name) values(3, 'Arizona');
Insert into sf_schema.list_region(id, name) values(4, 'Arkansas');
Insert into sf_schema.list_region(id, name) values(5, 'California');
Insert into sf_schema.list_region(id, name) values(6, 'Colorado');
Insert into sf_schema.list_region(id, name) values(7, 'Connecticut');
Insert into sf_schema.list_region(id, name) values(8, 'Delaware');
Insert into sf_schema.list_region(id, name) values(9, 'Florida');
Insert into sf_schema.list_region(id, name) values(10, 'Georgia');
Insert into sf_schema.list_region(id, name) values(11, 'Hawaii');
Insert into sf_schema.list_region(id, name) values(12, 'Idaho');
Insert into sf_schema.list_region(id, name) values(13, 'Illinois');
Insert into sf_schema.list_region(id, name) values(14, 'Indiana');
Insert into sf_schema.list_region(id, name) values(15, 'Iowa');
Insert into sf_schema.list_region(id, name) values(16, 'Kansas');
Insert into sf_schema.list_region(id, name) values(17, 'Kentucky');
Insert into sf_schema.list_region(id, name) values(18, 'Louisiana');
Insert into sf_schema.list_region(id, name) values(19, 'Maine');
Insert into sf_schema.list_region(id, name) values(20, 'Maryland');
Insert into sf_schema.list_region(id, name) values(21, 'Massachusetts');
Insert into sf_schema.list_region(id, name) values(22, 'Michigan');
Insert into sf_schema.list_region(id, name) values(23, 'Minnesota');
Insert into sf_schema.list_region(id, name) values(24, 'Mississippi');
Insert into sf_schema.list_region(id, name) values(25, 'Missouri');
Insert into sf_schema.list_region(id, name) values(26, 'Montana');
Insert into sf_schema.list_region(id, name) values(27, 'Nebraska');
Insert into sf_schema.list_region(id, name) values(28, 'Nevada');
Insert into sf_schema.list_region(id, name) values(29, 'New Hampshire');
Insert into sf_schema.list_region(id, name) values(30, 'New Jersey');
Insert into sf_schema.list_region(id, name) values(31, 'New Mexico');
Insert into sf_schema.list_region(id, name) values(32, 'New York');
Insert into sf_schema.list_region(id, name) values(33, 'North Carolina');
Insert into sf_schema.list_region(id, name) values(34, 'North Dakota');
Insert into sf_schema.list_region(id, name) values(35, 'Ohio');
Insert into sf_schema.list_region(id, name) values(36, 'Oklahoma');
Insert into sf_schema.list_region(id, name) values(37, 'Oregon');
Insert into sf_schema.list_region(id, name) values(38, 'Pennsylvania');
Insert into sf_schema.list_region(id, name) values(39, 'Rhode Island');
Insert into sf_schema.list_region(id, name) values(40, 'South Carolina');
Insert into sf_schema.list_region(id, name) values(41, 'South Dakota');
Insert into sf_schema.list_region(id, name) values(42, 'Tennessee');
Insert into sf_schema.list_region(id, name) values(43, 'Texas');
Insert into sf_schema.list_region(id, name) values(44, 'Utah');
Insert into sf_schema.list_region(id, name) values(45, 'Vermont');
Insert into sf_schema.list_region(id, name) values(46, 'Virginia');
Insert into sf_schema.list_region(id, name) values(47, 'Washington');
Insert into sf_schema.list_region(id, name) values(48, 'West Virginia');
Insert into sf_schema.list_region(id, name) values(49, 'Wisconsin');
Insert into sf_schema.list_region(id, name) values(50, 'Wyoming');

/* list_skill */
Insert into sf_schema.list_skill(id, name) values (1, 'ProjectManager');
Insert into sf_schema.list_skill(id, name) values (2, 'Architect');
Insert into sf_schema.list_skill(id, name) values (3, 'ISSO');
Insert into sf_schema.list_skill(id, name) values (4, 'ISSE');
Insert into sf_schema.list_skill(id, name) values (5, 'BusinessAnalyst');
Insert into sf_schema.list_skill(id, name) values (6, 'ScrumMaster');
Insert into sf_schema.list_skill(id, name) values (7, 'Developer');
Insert into sf_schema.list_skill(id, name) values (8, 'DevelopmentLead');
Insert into sf_schema.list_skill(id, name) values (9, 'Tester');

/* list_tool */
Insert into sf_schema.list_tool(id, name) values (1, 'Jira');
Insert into sf_schema.list_tool(id, name) values (2, 'Confluence');
Insert into sf_schema.list_tool(id, name) values (3, 'Jenkins');
Insert into sf_schema.list_tool(id, name) values (4, 'GitLab');
Insert into sf_schema.list_tool(id, name) values (5, 'BitBucket');
Insert into sf_schema.list_tool(id, name) values (6, 'Artifactory');
Insert into sf_schema.list_tool(id, name) values (7, 'SonarQube');

/* dependency */
Insert into sf_schema.dependency(id, name) values (1, 'Maven');
Insert into sf_schema.dependency(id, name) values (2, 'NPM');
Insert into sf_schema.dependency(id, name) values (3, 'PyPi');

/* list role */
Insert into sf_schema.list_role(id, name) values (1, 'Customer');
Insert into sf_schema.list_role(id, name) values (2, 'DBA');
Insert into sf_schema.list_role(id, name) values (3, 'Executive');
Insert into sf_schema.list_role(id, name) values (4, 'Owner');
Insert into sf_schema.list_role(id, name) values (5, 'ProjectManager');
Insert into sf_schema.list_role(id, name) values (6, 'SecurityManager');
Insert into sf_schema.list_role(id, name) values (7, 'Tester');
Insert into sf_schema.list_role(id, name) values (8, 'Developer');
Insert into sf_schema.list_role(id, name) values (9, 'DevelopLead');
Insert into sf_schema.list_role(id, name) values (10, 'ISSO');
Insert into sf_schema.list_role(id, name) values (11, 'ISSE');
Insert into sf_schema.list_role(id, name) values (12, 'USER');

/* program */
insert into sf_schema.program (name, budget, date_start) values ('My Test Name', 400000.04, '2021/05/12');
insert into sf_schema.program (name, budget, date_start) values ('My Test Name 1', 500000.04, '2021/05/12');
insert into sf_schema.program (name, budget, date_start) values ('My Test Name 2', 500000.04, '2021/05/12');
insert into sf_schema.program (name, budget, date_start) values ('My Test Name 3', 600000.04, '2021/05/12');
insert into sf_schema.program (name, budget, date_start) values ('My Test Name 4', 700000.04, '2021/05/12');
insert into sf_schema.program (name, budget, date_start) values ('My Test Name 5', 800000.04, '2021/05/12');
insert into sf_schema.program (name, budget, date_start) values ('My Test Name 6', 900000.04, '2021/05/12');
insert into sf_schema.program (name, budget, date_start) values ('My Test Name 7', 900000.04, '2021/05/12');
insert into sf_schema.program (name, budget, date_start) values ('My Test Name 8', 1000000.04, '2021/05/12');
insert into sf_schema.program (name, budget, date_start) values ('My Test Name 9', 1100000.04, '2021/05/12');

/* contact */
insert into sf_schema.contact(address_ln1,city,region_id,phone,email) VALUES('5432 Main Street','Fairfax',46,'123-456-7890','dgood@gmail.com');
insert into sf_schema.contact(address_ln1,city,region_id,phone,email) VALUES('6432 Duke Street','Montgomery',1,'549-456-7890','jsmith@ibm.com');
insert into sf_schema.contact(address_ln1,city,region_id,phone,email) VALUES('7432 Elm Street','Reston',46,'342-210-7890','ksmith@buffalo.com');
insert into sf_schema.contact(address_ln1,city,region_id,phone,email) VALUES('9438 Center Street','Herndon',46,'210-220-7892','jdoe@dell.com');
insert into sf_schema.contact(address_ln1,city,region_id,phone,email) VALUES('1433 Willow Street','Vienna',46,'216-345-7321','mmantle@gmail.com');
insert into sf_schema.contact(address_ln1,city,region_id,phone,email) VALUES('2892 Ocean Street','Norfolk',46,'542-765-7321','bbonds@gmail.com');
insert into sf_schema.contact(address_ln1,city,region_id,phone,email) VALUES('532 Diamond Street','Arlington',46,'703-321-7321','gfore@gmail.com');
insert into sf_schema.contact(address_ln1,city,region_id,phone,email) VALUES('12 Center Street','Boulder',6,'345-212-7901','cbrown@gmail.com');
insert into sf_schema.contact(address_ln1,city,region_id,phone,email) VALUES('56 Gatepost Street','Boston',21,'432-901-2019','cdavis@gmail.com');
insert into sf_schema.contact(address_ln1,city,region_id,phone,email) VALUES('4321 Park Ave','Chicago',13,'210-761-3210','brgordon@gmail.com');

/* customer */
insert into sf_schema.customer (name, contact_id) values ('FBI', (select id from sf_schema.contact where city like '%Fairfax%' ));
insert into sf_schema.customer (name, contact_id) values ('CIA', (select id from sf_schema.contact where city like '%Res%' ));
insert into sf_schema.customer (name, contact_id) values ('DIA', (select id from sf_schema.contact where city like '%H%' ));
insert into sf_schema.customer (name, contact_id) values ('OSCAR', (select id from sf_schema.contact where city like '%V%' ));
insert into sf_schema.customer (name, contact_id) values ('MERCURY', (select id from sf_schema.contact where city like '%Nor%' ));
insert into sf_schema.customer (name, contact_id) values ('FORD', (select id from sf_schema.contact where city like '%Arl%' ));
insert into sf_schema.customer (name, contact_id) values ('MAZDA', (select id from sf_schema.contact where city like '%Bould%' ));
insert into sf_schema.customer (name, contact_id) values ('CHEVY', (select id from sf_schema.contact where city like '%Bos%' ));
insert into sf_schema.customer (name, contact_id) values ('TOYOTA', (select id from sf_schema.contact where city like '%Chic%' ));
insert into sf_schema.customer (name, contact_id) values ('KIA', (select id from sf_schema.contact where city like '%Mont%' ));

/* xref_program_customer */
insert into sf_schema.xref_program_customer(program_id,customer_id,funding_line) VALUES((select id from sf_schema.program where name like '%Name 1%'),(select id from sf_schema.customer where name like '%FBI%'),100000.02);
insert into sf_schema.xref_program_customer(program_id,customer_id,funding_line) VALUES((select id from sf_schema.program where name like '%Name 2%'),(select id from sf_schema.customer where name like '%CIA%'),200000.02);
insert into sf_schema.xref_program_customer(program_id,customer_id,funding_line) VALUES((select id from sf_schema.program where name like '%Name 3%'),(select id from sf_schema.customer where name like '%DIA%'),300000.02);
insert into sf_schema.xref_program_customer(program_id,customer_id,funding_line) VALUES((select id from sf_schema.program where name like '%Name 4%'),(select id from sf_schema.customer where name like '%OSCAR%'),400000.02);
insert into sf_schema.xref_program_customer(program_id,customer_id,funding_line) VALUES((select id from sf_schema.program where name like '%Name 5%'),(select id from sf_schema.customer where name like '%MER%'),500000.02);
insert into sf_schema.xref_program_customer(program_id,customer_id,funding_line) VALUES((select id from sf_schema.program where name like '%Name 6%'),(select id from sf_schema.customer where name like '%FBI%'),100000.02);
insert into sf_schema.xref_program_customer(program_id,customer_id,funding_line) VALUES((select id from sf_schema.program where name like '%Name 7%'),(select id from sf_schema.customer where name like '%FORD%'),100000.02);
insert into sf_schema.xref_program_customer(program_id,customer_id,funding_line) VALUES((select id from sf_schema.program where name like '%Name 7%'),(select id from sf_schema.customer where name like '%FBI%'),100000.02);
insert into sf_schema.xref_program_customer(program_id,customer_id,funding_line) VALUES((select id from sf_schema.program where name like '%Name 8%'),(select id from sf_schema.customer where name like '%OSCAR%'),100000.02);
insert into sf_schema.xref_program_customer(program_id,customer_id,funding_line) VALUES((select id from sf_schema.program where name like '%Name 9%'),(select id from sf_schema.customer where name like '%KIA%'),100000.02);

/* project */
insert into sf_schema.project(name,program_id,date_start,total_cost) VALUES('REDHAT', (select id from sf_schema.program where name like '%Name 1%'),'2021/01/01',100000.02);
insert into sf_schema.project(name,program_id,date_start,total_cost) VALUES('DEEA', (select id from sf_schema.program where name like '%Name 2%'),'2021/01/02',200000.02);
insert into sf_schema.project(name,program_id,date_start,total_cost) VALUES('BLUE', (select id from sf_schema.program where name like '%Name 3%'),'2021/01/03',300000.02);
insert into sf_schema.project(name,program_id,date_start,total_cost) VALUES('ORANGE', (select id from sf_schema.program where name like '%Name 4%'),'2021/01/04',400000.02);
insert into sf_schema.project(name,program_id,date_start,total_cost) VALUES('SECRET', (select id from sf_schema.program where name like '%Name 5%'),'2021/01/05',500000.02);
insert into sf_schema.project(name,program_id,date_start,total_cost) VALUES('SECURITY', (select id from sf_schema.program where name like '%Name 6%'),'2021/01/06',600000.02);
insert into sf_schema.project(name,program_id,date_start,total_cost) VALUES('RED', (select id from sf_schema.program where name like '%Name 7%'),'2021/01/07',700000.02);
insert into sf_schema.project(name,program_id,date_start,total_cost) VALUES('TAX', (select id from sf_schema.program where name like '%Name 8%'),'2021/01/08',800000.02);
insert into sf_schema.project(name,program_id,date_start,total_cost) VALUES('FREEDOM', (select id from sf_schema.program where name like '%Name 9%'),'2021/01/09',900000.02);
insert into sf_schema.project(name,program_id,date_start,total_cost) VALUES('NETWORK', (select id from sf_schema.program where name like '%Name 9%'),'2021/01/10',1000000.02);

/* person */
insert into sf_schema.person(f_name,l_name,primary_skill_id,contact_id,cost) VALUES('Dan','Good',(select id from sf_schema.list_skill where name like '%ProjectManager%'), (select id from sf_schema.contact where city like '%Fairfax%' ),100000.20);
insert into sf_schema.person(f_name,l_name,primary_skill_id,contact_id,cost)  VALUES('John','Smith', (select id from sf_schema.list_skill where name like '%Architect%'), (select id from sf_schema.contact where city like '%Rest%' ),200000.20);
insert into sf_schema.person(f_name,l_name,primary_skill_id,contact_id,cost)  VALUES('Kevin','Smith', (select id from sf_schema.list_skill where name like '%ISSO%'), (select id from sf_schema.contact where city like '%Hern%' ),300000.20);
insert into sf_schema.person(f_name,l_name,primary_skill_id,contact_id,cost)  VALUES('John','Doinsert', (select id from sf_schema.list_skill where name like '%ISSE%'), (select id from sf_schema.contact where city like '%Vien%' ),300100) ;
insert into sf_schema.person(f_name,l_name,primary_skill_id,contact_id,cost)  VALUES('Barry','Bonds', (select id from sf_schema.list_skill where name like '%Scrum%'), (select id from sf_schema.contact where city like '%Arl%' ),600000.20);
insert into sf_schema.person(f_name,l_name,primary_skill_id,contact_id,cost)  VALUES('Gary','Fore', (select id from sf_schema.list_skill where name like '%Developer%'), (select id from sf_schema.contact where city like '%Bould%' ),700000.20);
insert into sf_schema.person(f_name,l_name,primary_skill_id,contact_id,cost)  VALUES('Charlie','Brown', (select id from sf_schema.list_skill where name like '%Development%'), (select id from sf_schema.contact where city like '%Bos%' ),800000.20);
insert into sf_schema.person(f_name,l_name,primary_skill_id,contact_id,cost)  VALUES('Charlie','Davis', (select id from sf_schema.list_skill where name like '%Test%'), (select id from sf_schema.contact where city like '%Chic%' ),900000.20);
insert into sf_schema.person(f_name,l_name,primary_skill_id,contact_id,cost)  VALUES('Brian','Gordon', (select id from sf_schema.list_skill where name like '%Developer%'), (select id from sf_schema.contact where city like '%Mont%' ),1000000.20);

/* team */
insert into sf_schema.team(name) VALUES('SOFTWARE');
insert into sf_schema.team(name) VALUES('ANALYTICS');
insert into sf_schema.team(name) VALUES('DATABASE');
insert into sf_schema.team(name) VALUES('SPRING');
insert into sf_schema.team(name) VALUES('UI');
insert into sf_schema.team(name) VALUES('CONTROL');
insert into sf_schema.team(name) VALUES('CONFIG');
insert into sf_schema.team(name) VALUES('ADMIN');
insert into sf_schema.team(name) VALUES('ART');
insert into sf_schema.team(name) VALUES('PLANING');


/* release */
insert into sf_schema.release(name,date,program_id) VALUES('Release 1','2020/07/01',(select id from sf_schema.program where name like '%Name 1%'));
insert into sf_schema.release(name,date,program_id) VALUES('Release 2','2020/08/01', (select id from sf_schema.program where name like '%Name 2%'));
insert into sf_schema.release(name,date,program_id) VALUES('Release 3','2020/09/01', (select id from sf_schema.program where name like '%Name 3%'));
insert into sf_schema.release(name,date,program_id) VALUES('Release 4','2020/10/01', (select id from sf_schema.program where name like '%Name 4%'));
insert into sf_schema.release(name,date,program_id) VALUES('Release 5','2020/11/01', (select id from sf_schema.program where name like '%Name 5%'));
insert into sf_schema.release(name,date,program_id) VALUES('Release 6','2020/12/01', (select id from sf_schema.program where name like '%Name 6%'));
insert into sf_schema.release(name,date,program_id) VALUES('Release 7','2021/01/01', (select id from sf_schema.program where name like '%Name 7%'));
insert into sf_schema.release(name,date,program_id) VALUES('Release 8','2021/02/01', (select id from sf_schema.program where name like '%Name 8%'));
insert into sf_schema.release(name,date,program_id) VALUES('Release 9','2021/03/01', (select id from sf_schema.program where name like '%Name 9%'));
insert into sf_schema.release(name,date,program_id) VALUES('Release 10','2021/04/01', (select id from sf_schema.program where name like '%Name 1%'));

/* xref_release_project */
insert into sf_schema.xref_release_project(project_id,release_id) VALUES((select id from sf_schema.project where name like '%REDHAT%'),(select id from sf_schema.release where name like '%lease 1'));
insert into sf_schema.xref_release_project(project_id,release_id) VALUES((select id from sf_schema.project where name like '%DEEA%'),(select id from sf_schema.release where name like '%lease 2'));
insert into sf_schema.xref_release_project(project_id,release_id) VALUES((select id from sf_schema.project where name like '%REDHAT%'),(select id from sf_schema.release where name like '%lease 3'));
insert into sf_schema.xref_release_project(project_id,release_id) VALUES((select id from sf_schema.project where name like '%REDHAT%'),(select id from sf_schema.release where name like '%lease 4'));
insert into sf_schema.xref_release_project(project_id,release_id) VALUES((select id from sf_schema.project where name like '%REDHAT%'),(select id from sf_schema.release where name like '%lease 5'));
insert into sf_schema.xref_release_project(project_id,release_id) VALUES((select id from sf_schema.project where name like '%REDHAT%'),(select id from sf_schema.release where name like '%lease 6'));
insert into sf_schema.xref_release_project(project_id,release_id) VALUES((select id from sf_schema.project where name like '%REDHAT%'),(select id from sf_schema.release where name like '%lease 7'));
insert into sf_schema.xref_release_project(project_id,release_id) VALUES((select id from sf_schema.project where name like '%REDHAT%'),(select id from sf_schema.release where name like '%lease 8'));
insert into sf_schema.xref_release_project(project_id,release_id) VALUES((select id from sf_schema.project where name like '%REDHAT%'),(select id from sf_schema.release where name like '%lease 9'));
insert into sf_schema.xref_release_project(project_id,release_id) VALUES((select id from sf_schema.project where name like '%REDHAT%'),(select id from sf_schema.release where name like '%lease 10'));

/* process */
insert into sf_schema.process(project_id,name,date_start) VALUES((select id from sf_schema.project where name like '%REDHAT%'),'Initiating','2021/01/02');
insert into sf_schema.process(project_id,name,date_start) VALUES((select id from sf_schema.project where name like '%REDHAT%'),'Planing','2021/01/10');
insert into sf_schema.process(project_id,name,date_start) VALUES((select id from sf_schema.project where name like '%REDHAT%'),'Executing','2021/01/12');
insert into sf_schema.process(project_id,name,date_start) VALUES((select id from sf_schema.project where name like '%REDHAT%'),'Controlling','2021/01/15');
insert into sf_schema.process(project_id,name,date_start) VALUES((select id from sf_schema.project where name like '%REDHAT%'),'Closing','2021/01/20');
insert into sf_schema.process(project_id,name,date_start) VALUES((select id from sf_schema.project where name like '%DEEA%'),'Initiating','2021/01/25');
insert into sf_schema.process(project_id,name,date_start) VALUES((select id from sf_schema.project where name like '%DEEA%'),'Planing','2021/01/30');
insert into sf_schema.process(project_id,name,date_start) VALUES((select id from sf_schema.project where name like '%DEEA%'),'Executing','2021/02/05');
insert into sf_schema.process(project_id,name,date_start) VALUES((select id from sf_schema.project where name like '%DEEA%'),'Controlling','2021/02/10');
insert into sf_schema.process(project_id,name,date_start) VALUES((select id from sf_schema.project where name like '%DEEA%'),'Closing','2021/02/15');

/* xref_customer_person */
insert into sf_schema.xref_customer_person(customer_id,person_id) VALUES((select id from sf_schema.customer where name like '%FBI%'),(select id from sf_schema.person where cost=100000.20));
insert into sf_schema.xref_customer_person(customer_id,person_id) VALUES((select id from sf_schema.customer where name like '%CIA%'),(select id from sf_schema.person where cost=200000.20));;
insert into sf_schema.xref_customer_person(customer_id,person_id) VALUES((select id from sf_schema.customer where name like '%DIA%'),(select id from sf_schema.person where cost=300000.20));
insert into sf_schema.xref_customer_person(customer_id,person_id) VALUES((select id from sf_schema.customer where name like '%OSCAR%'),(select id from sf_schema.person where cost=300100.00));
insert into sf_schema.xref_customer_person(customer_id,person_id) VALUES((select id from sf_schema.customer where name like '%MERCURY%'),(select id from sf_schema.person where cost=600000.20));
insert into sf_schema.xref_customer_person(customer_id,person_id) VALUES((select id from sf_schema.customer where name like '%FORD%'),(select id from sf_schema.person where cost=700000.20));
insert into sf_schema.xref_customer_person(customer_id,person_id) VALUES((select id from sf_schema.customer where name like '%MAZDA%'),(select id from sf_schema.person where cost=800000.20));
insert into sf_schema.xref_customer_person(customer_id,person_id) VALUES((select id from sf_schema.customer where name like '%CHEVY%'),(select id from sf_schema.person where cost=900000.20));
insert into sf_schema.xref_customer_person(customer_id,person_id) VALUES((select id from sf_schema.customer where name like '%TOYOTA%'),(select id from sf_schema.person where cost=1000000.20));

/* xref_tool_project */
insert into sf_schema.xref_tool_project(project_id,list_tool_id,date_associated) VALUES((select id from sf_schema.project where name like '%REDHAT%'),(select id from sf_schema.list_tool where name like '%Jira%'),'2021/01/01');
insert into sf_schema.xref_tool_project(project_id,list_tool_id,date_associated) VALUES((select id from sf_schema.project where name like '%REDHAT%'),(select id from sf_schema.list_tool where name like '%Con%'),'2021/01/01');
insert into sf_schema.xref_tool_project(project_id,list_tool_id,date_associated) VALUES((select id from sf_schema.project where name like '%REDHAT%'),(select id from sf_schema.list_tool where name like '%Jen%'),'2021/01/01');
insert into sf_schema.xref_tool_project(project_id,list_tool_id,date_associated) VALUES((select id from sf_schema.project where name like '%REDHAT%'),(select id from sf_schema.list_tool where name like '%Git%'),'2021/01/03');
insert into sf_schema.xref_tool_project(project_id,list_tool_id,date_associated) VALUES((select id from sf_schema.project where name like '%REDHAT%'),(select id from sf_schema.list_tool where name like '%Bit%'),'2021/01/05');
insert into sf_schema.xref_tool_project(project_id,list_tool_id,date_associated) VALUES((select id from sf_schema.project where name like '%REDHAT%'),(select id from sf_schema.list_tool where name like '%Art%'),'2021/01/07');
insert into sf_schema.xref_tool_project(project_id,list_tool_id,date_associated) VALUES((select id from sf_schema.project where name like '%REDHAT%'),(select id from sf_schema.list_tool where name like '%Son%'),'2021/01/08');
insert into sf_schema.xref_tool_project(project_id,list_tool_id,date_associated) VALUES((select id from sf_schema.project where name like '%DEEA%'),(select id from sf_schema.list_tool where name like '%Jira%'),'2021/01/03');
insert into sf_schema.xref_tool_project(project_id,list_tool_id,date_associated) VALUES((select id from sf_schema.project where name like '%DEEA%'),(select id from sf_schema.list_tool where name like '%Con%'),'2021/01/05');
insert into sf_schema.xref_tool_project(project_id,list_tool_id,date_associated) VALUES((select id from sf_schema.project where name like '%DEEA%'),(select id from sf_schema.list_tool where name like '%Jen%'),'2021/01/07');

/* xref_person_skill */
insert into sf_schema.xref_person_skill(person_id,list_skill_id,date_acquired) VALUES((select id from sf_schema.person where cost = 100000.20),(select id from sf_schema.list_skill where name like '%Proj%'),'2021/01/01');
insert into sf_schema.xref_person_skill(person_id, list_skill_id,date_acquired) VALUES((select id from sf_schema.person where cost = 200000.20),(select id from sf_schema.list_skill where name like '%Arc%'),'2021/01/05');
insert into sf_schema.xref_person_skill(person_id, list_skill_id,date_acquired) VALUES((select id from sf_schema.person where cost = 300000.20),(select id from sf_schema.list_skill where name like '%ISSO%'),'2021/01/08');
insert into sf_schema.xref_person_skill(person_id, list_skill_id,date_acquired) VALUES((select id from sf_schema.person where cost = 300100.00),(select id from sf_schema.list_skill where name like '%ISSE%'),'2021/01/12');
insert into sf_schema.xref_person_skill(person_id, list_skill_id,date_acquired) VALUES((select id from sf_schema.person where cost = 600000.20),(select id from sf_schema.list_skill where name like '%Bus%'),'2021/01/15');
insert into sf_schema.xref_person_skill(person_id, list_skill_id,date_acquired) VALUES((select id from sf_schema.person where cost = 700000.20),(select id from sf_schema.list_skill where name like '%Scrum%'),'2021/01/20');
insert into sf_schema.xref_person_skill(person_id, list_skill_id,date_acquired) VALUES((select id from sf_schema.person where cost = 800000.20),(select id from sf_schema.list_skill where name like '%Developer%'),'2021/01/25');
insert into sf_schema.xref_person_skill(person_id, list_skill_id,date_acquired) VALUES((select id from sf_schema.person where cost = 900000.20),(select id from sf_schema.list_skill where name like '%Development%'),'2021/01/30');
insert into sf_schema.xref_person_skill(person_id, list_skill_id,date_acquired) VALUES((select id from sf_schema.person where cost = 1000000.20),(select id from sf_schema.list_skill where name like '%Test%'),'2021/02/05');
insert into sf_schema.xref_person_skill(person_id, list_skill_id,date_acquired) VALUES((select id from sf_schema.person where cost = 100000.20),(select id from sf_schema.list_skill where name like '%Developer%'),'2021/02/15');

/* xref_person_role */
insert into sf_schema.xref_person_role(person_id,list_role_id,date_created) VALUES((select id from sf_schema.person where cost = 100000.20),(select id from sf_schema.list_role where name like '%Cust%'),'2021/01/07');
insert into sf_schema.xref_person_role(person_id, list_role_id,date_created) VALUES((select id from sf_schema.person where cost = 200000.20),(select id from sf_schema.list_role where name like '%DBA%'),'2021/01/09');
insert into sf_schema.xref_person_role(person_id, list_role_id,date_created) VALUES((select id from sf_schema.person where cost = 300000.20),(select id from sf_schema.list_role where name like '%Exec%'),'2021/01/11');
insert into sf_schema.xref_person_role(person_id, list_role_id,date_created) VALUES((select id from sf_schema.person where cost = 300100.00),(select id from sf_schema.list_role where name like '%Own%'),'2021/01/20');
insert into sf_schema.xref_person_role(person_id, list_role_id,date_created) VALUES((select id from sf_schema.person where cost = 600000.20),(select id from sf_schema.list_role where name like '%Proj%'),'2021/01/25');
insert into sf_schema.xref_person_role(person_id, list_role_id,date_created) VALUES((select id from sf_schema.person where cost = 700000.20),(select id from sf_schema.list_role where name like '%Sec%'),'2021/01/28');
insert into sf_schema.xref_person_role(person_id, list_role_id,date_created) VALUES((select id from sf_schema.person where cost = 800000.20),(select id from sf_schema.list_role where name like '%Test%'),'2021/01/30');
insert into sf_schema.xref_person_role(person_id, list_role_id,date_created) VALUES((select id from sf_schema.person where cost = 900000.20),(select id from sf_schema.list_role where name like '%Developer%'),'2021/02/01');
insert into sf_schema.xref_person_role(person_id, list_role_id,date_created) VALUES((select id from sf_schema.person where cost = 1000000.20),(select id from sf_schema.list_role where name like '%DevelopL%'),'2021/02/10');
insert into sf_schema.xref_person_role(person_id, list_role_id,date_created) VALUES((select id from sf_schema.person where cost = 1000000.20),(select id from sf_schema.list_role where name like '%Developer%'),'2021/02/15');

/* xref_project_person_role */
insert into sf_schema.xref_project_person_role (project_id, person_id, list_role_id, date_created) values ((select id from sf_schema.project where name = 'REDHAT'), (select id from sf_schema.person where cost = 100000.20), (select id from sf_schema.list_role where name = 'Customer'), now());
insert into sf_schema.xref_project_person_role (project_id, person_id, list_role_id, date_created) values ((select id from sf_schema.project where name = 'REDHAT'), (select id from sf_schema.person where cost = 200000.20), (select id from sf_schema.list_role where name = 'Developer'), now());
insert into sf_schema.xref_project_person_role (project_id, person_id, list_role_id, date_created) values ((select id from sf_schema.project where name = 'REDHAT'), (select id from sf_schema.person where cost = 300100.00), (select id from sf_schema.list_role where name = 'Developer'), now());
insert into sf_schema.xref_project_person_role (project_id, person_id, list_role_id, date_created) values ((select id from sf_schema.project where name = 'REDHAT'), (select id from sf_schema.person where cost = 600000.20), (select id from sf_schema.list_role where name = 'DevelopLead'), now());

/* xref_dependency_project */
Insert into sf_schema.xref_dependency_project (dependency_id, project_id) values (1, (select id from sf_schema.project where name = 'REDHAT'));
Insert into sf_schema.xref_dependency_project (dependency_id, project_id) values (2, (select id from sf_schema.project where name = 'REDHAT'));
Insert into sf_schema.xref_dependency_project (dependency_id, project_id) values (3, (select id from sf_schema.project where name = 'REDHAT'));
Insert into sf_schema.xref_dependency_project (dependency_id, project_id) values (1, (select id from sf_schema.project where name = 'DEEA'));
Insert into sf_schema.xref_dependency_project (dependency_id, project_id) values (2, (select id from sf_schema.project where name = 'DEEA'));
Insert into sf_schema.xref_dependency_project (dependency_id, project_id) values (3, (select id from sf_schema.project where name = 'DEEA'));

/* xref_project_team */
Insert into sf_schema.xref_project_team (project_id, team_id) values ( (select id from sf_schema.project where name = 'REDHAT'), (select id from sf_schema.team where name = 'SOFTWARE'));
Insert into sf_schema.xref_project_team (project_id, team_id) values ( (select id from sf_schema.project where name = 'REDHAT') , (select id from sf_schema.team where name = 'ANALYTICS'));
Insert into sf_schema.xref_project_team (project_id, team_id) values ((select id from sf_schema.project where name = 'REDHAT') , (select id from sf_schema.team where name = 'DATABASE'));
Insert into sf_schema.xref_project_team (project_id, team_id) values ( (select id from sf_schema.project where name = 'DEEA') , (select id from sf_schema.team where name = 'SOFTWARE'));
Insert into sf_schema.xref_project_team (project_id, team_id) values ( (select id from sf_schema.project where name = 'DEEA') , (select id from sf_schema.team where name = 'DATABASE'));
Insert into sf_schema.xref_project_team (project_id, team_id) values ( (select id from sf_schema.project where name = 'DEEA') , (select id from sf_schema.team where name = 'ART'));

/* xref_team_person */
Insert into sf_schema.xref_team_person ( team_id, person_id) values ( (select id from sf_schema.team where name = 'SOFTWARE'), (select id from sf_schema.person where cost =100000.20));
Insert into sf_schema.xref_team_person (team_id, person_id) values ( (select id from sf_schema.team where name = 'SOFTWARE') , (select id from sf_schema.person where cost =200000.20));
Insert into sf_schema.xref_team_person ( team_id, person_id) values ( (select id from sf_schema.team where name = 'SOFTWARE') , (select id from sf_schema.person where cost =300000.20));
Insert into sf_schema.xref_team_person (team_id, person_id) values ( (select id from sf_schema.team where name = 'SOFTWARE') , (select id from sf_schema.person where cost =300100.00));
Insert into sf_schema.xref_team_person ( team_id, person_id) values ( (select id from sf_schema.team where name = 'SOFTWARE') , (select id from sf_schema.person where cost =600000.20));
Insert into sf_schema.xref_team_person (team_id, person_id) values ( (select id from sf_schema.team where name = 'SOFTWARE') , (select id from sf_schema.person where cost =700000.20));



/*sf_ex_schema.pwr_bi_main */
Insert into sf_ex_schema.pwr_bi_main(title, comment) values ('title 1', 'comment 1');
Insert into sf_ex_schema.pwr_bi_main(title, comment) values ('title 2', 'comment 2');
Insert into sf_ex_schema.pwr_bi_main(title, comment) values ('title 3', 'comment 3');
Insert into sf_ex_schema.pwr_bi_main(title, comment) values ('title 4', 'comment 4');
Insert into sf_ex_schema.pwr_bi_main(title, comment) values ('title 5', 'comment 5');

/*sf_ex_schema.ms_project_main */
Insert into sf_ex_schema.ms_project_main(title, comment) values ('MS 1', 'MS Comment 1');
Insert into sf_ex_schema.ms_project_main(title, comment) values ('MS 2', 'MS Comment 2');
Insert into sf_ex_schema.ms_project_main(title, comment) values ('MS 3', 'MS Comment 3');
Insert into sf_ex_schema.ms_project_main(title, comment) values ('MS 4', 'MS Comment 4');
Insert into sf_ex_schema.ms_project_main(title, comment) values ('MS 5', 'MS Comment 5');

/* xref_pwr_bi_main_program */
Insert into sf_schema.xref_pwr_bi_main_program (pwr_bi_main_id, program_id) values ((select id from sf_ex_schema.pwr_bi_main where title = 'title 1'), (select id from sf_schema.program where name = 'My Test Name'));
Insert into sf_schema.xref_pwr_bi_main_program (pwr_bi_main_id, program_id) values ((select id from sf_ex_schema.pwr_bi_main where title = 'title 2'), (select id from sf_schema.program where name = 'My Test Name'));
Insert into sf_schema.xref_pwr_bi_main_program (pwr_bi_main_id, program_id) values ((select id from sf_ex_schema.pwr_bi_main where title = 'title 3'), (select id from sf_schema.program where name = 'My Test Name'));

/* xref_ms_project_main_project */
Insert into sf_schema. xref_ms_project_main_project (ms_project_id, project_id) values ((Select id from sf_ex_schema.ms_project_main where title = 'MS 1'), (select id from sf_schema.project where name = 'REDHAT'));
Insert into sf_schema. xref_ms_project_main_project (ms_project_id, project_id) values ((Select id from sf_ex_schema.ms_project_main where title = 'MS 2'), (select id from sf_schema.project where name = 'REDHAT'));
Insert into sf_schema. xref_ms_project_main_project (ms_project_id, project_id) values ((Select id from sf_ex_schema.ms_project_main where title = 'MS 3'), (select id from sf_schema.project where name = 'REDHAT'));




/******************************/
/* ** RBAC with ABAC functions ** */
/*****************************/
/* NOTE could not change $$ to ' on these below functions */ 
-- object: sf_schema.fn_find_user_roles | type: FUNCTION --
-- DROP FUNCTION IF EXISTS sf_schema.fn_find_user_roles() CASCADE;
CREATE OR REPLACE FUNCTION sf_schema.fn_find_user_roles ()
	RETURNS text AS $$
-- DECLARE my_return text;
BEGIN
 RETURN(SELECT STRING_AGG(m.roleid::regrole::text, ', ') FROM pg_roles r, pg_auth_members m where r.rolname=CURRENT_USER and r.oid = m.member);
END;
$$
LANGUAGE 'plpgsql';

-- ddl-end --
ALTER FUNCTION sf_schema.fn_find_user_roles() OWNER TO current_user;
-- ddl-end --

-- object: sf_schema.fn_get_user_roles | type: FUNCTION --
-- DROP FUNCTION IF EXISTS sf_schema.fn_get_user_roles() CASCADE;
CREATE OR REPLACE FUNCTION sf_schema.fn_get_user_roles ()
	RETURNS text AS $$
DECLARE 
my_return text;
current_pos int;
next_pos int;
BEGIN
   current_pos = 0;
   SELECT sf_schema.fn_find_user_roles() 
   into my_return
   where position(', ' IN sf_schema.fn_find_user_roles()) > 0;
   
   if found then
      next_pos = position (', ' in my_return);
      return substring(my_return from current_pos for next_pos);
   else
       select sf_schema.fn_find_user_roles() into my_return;
       return my_return;
   end if;  
END
$$
LANGUAGE 'plpgsql';

-- ddl-end --
ALTER FUNCTION sf_schema.fn_get_user_roles() OWNER TO current_user;
-- ddl-end --


-- object: sf_schema.fn_check_user_role | type: FUNCTION --
-- DROP FUNCTION IF EXISTS sf_schema.fn_check_user_role(character varying) CASCADE;
CREATE OR REPLACE FUNCTION sf_schema.fn_check_user_role (role_find character varying)
	RETURNS boolean AS $$
DECLARE 
my_substring text;
my_string text;
current_pos int;
next_pos int;
my_loop boolean;
debug_on boolean;
my_return boolean;
BEGIN
current_pos = 0;
debug_on = false;
my_return = false;
my_loop = true;
my_substring = 'Not Found ';

SELECT STRING_AGG(m.roleid::regrole::text, ', ') 
FROM pg_roles r, pg_auth_members m 
WHERE r.rolname=CURRENT_USER and r.oid = m.member
into my_string;

while (my_loop) LOOP
	if debug_on then
		insert into sf_schema.debug_table (my_process, my_text) values ('fn_check_user_role','Start Loop');
	end if;
	next_pos = position (', ' in my_string);
	if next_pos > 0 then
		my_substring = substring(my_string from current_pos for next_pos);
		if debug_on then
			insert into sf_schema.debug_table (my_process, my_text) values ('fn_check_user_role', concat('if 1 ',my_substring, ' c_pos=', current_pos, ' n_pos=', next_pos ));
		end if;
		if my_substring = role_find then
			my_loop = false;
			my_return = true; 
		else
			current_pos = next_pos+2;
			my_string = substring(my_string from current_pos);
			current_pos = 0;
			if debug_on then
				insert into sf_schema.debug_table (my_process, my_text) values ('fn_check_user_role',concat('else 2 ',my_string, ' c_pos=', current_pos, ' n_pos=', next_pos ));
			end if;
		end if;   
	else
		my_loop = false;
		if my_string = role_find then
			my_return = true;   
		end if;   
		if debug_on then
      insert into sf_schema.debug_table (my_process, my_text) values ('fn_check_user_role','Else 1');
      end if;
      end if;
END LOOP;
return my_return;
END
$$
LANGUAGE 'plpgsql';

-- ddl-end --
ALTER FUNCTION sf_schema.fn_check_user_role(character varying) OWNER TO current_user;
-- ddl-end --

